"unit","period","first_treat","x1","xtv","outcome"
1,1,0,0.762280032796771,0.22170929102064,0.32572261663086
1,2,0,0.762280032796771,1.68545437574437,0.32042267370171
1,3,0,0.762280032796771,0.783974881767155,1.70068782526904
1,4,0,0.762280032796771,0.151811746643227,2.97713297459989
1,5,0,0.762280032796771,1.2007958635123,2.34523214422804
1,6,0,0.762280032796771,1.78117297800612,3.02378983652724
2,1,0,-0.503334604664531,0.003264242668709,1.68714543541815
2,2,0,-0.503334604664531,-0.01160465898369,2.11519135601787
2,3,0,-0.503334604664531,0.431326801314968,2.52345814716303
2,4,0,-0.503334604664531,0.770960476173647,1.13187660893405
2,5,0,-0.503334604664531,0.557599780535241,3.50475895194589
2,6,0,-0.503334604664531,0.882451795015903,2.56076108897434
3,1,0,0.639896047927709,-0.0821545846502019,0.575850883278317
3,2,0,0.639896047927709,0.420510283615455,1.46869634270462
3,3,0,0.639896047927709,1.13004442178635,1.12926487305912
3,4,0,0.639896047927709,1.54970030934366,3.75188178767779
3,5,0,0.639896047927709,1.33314318152428,3.63591530837704
3,6,0,0.639896047927709,2.22273056340426,4.58792223153239
4,1,0,0.550362540546485,0.365760271855874,1.09027190546647
4,2,0,0.550362540546485,0.832282303943132,3.26795580759371
4,3,0,0.550362540546485,0.308471950710698,2.58526381483487
4,4,0,0.550362540546485,1.56094152897056,2.56528027385053
4,5,0,0.550362540546485,0.975725496813423,4.77071046622743
4,6,0,0.550362540546485,2.03906796710312,2.64882999446538
5,1,0,-1.29901420371325,-0.460999451990144,-0.354880543831845
5,2,0,-1.29901420371325,0.501202768546227,1.69427801668797
5,3,0,-1.29901420371325,-0.71046414492934,-0.134441277863296
5,4,0,-1.29901420371325,-0.404803176271545,0.955977315050681
5,5,0,-1.29901420371325,1.19643256869914,0.94227680755701
5,6,0,-1.29901420371325,0.302674962248639,0.661806868491084
6,1,0,-0.28270754060892,0.509984546718241,-1.60615679868968
6,2,0,-0.28270754060892,0.795840872958493,1.42057064874697
6,3,0,-0.28270754060892,0.498743320252149,2.56986086833164
6,4,0,-0.28270754060892,0.444741791228927,2.43785042499056
6,5,0,-0.28270754060892,0.0659811927562748,2.03911739958511
6,6,0,-0.28270754060892,0.434119468978059,2.66364554745197
7,1,0,-0.228457094854756,-0.125665405042128,-1.50029270012919
7,2,0,-0.228457094854756,0.579836444928065,-0.271374116596818
7,3,0,-0.228457094854756,-0.125065661168389,0.134719536136669
7,4,0,-0.228457094854756,0.540215036454454,1.27719558483555
7,5,0,-0.228457094854756,0.78024096522406,1.91860134504533
7,6,0,-0.228457094854756,1.08320687793625,2.14194113990727
8,1,0,0.904243934680486,1.63054948591081,2.44848344757429
8,2,0,0.904243934680486,1.12467480171044,1.73465701246783
8,3,0,0.904243934680486,1.14298117599048,3.13058617549245
8,4,0,0.904243934680486,1.34982399747455,5.14687438054722
8,5,0,0.904243934680486,1.24058911320076,5.20947125423497
8,6,0,0.904243934680486,1.91183461909463,6.66336910996244
9,1,0,1.0703229218455,0.74531880575199,-1.01317106446202
9,2,0,1.0703229218455,1.76213986405735,0.295535989411215
9,3,0,1.0703229218455,0.996599825632608,3.73789484050547
9,4,0,1.0703229218455,1.5717667357908,3.12292622990361
9,5,0,1.0703229218455,1.53030746151368,3.66172079419978
9,6,0,1.0703229218455,2.28600306767279,4.01915059847461
10,1,0,-0.143983755489064,-0.231058747953471,0.202498691570403
10,2,0,-0.143983755489064,-0.459455998164224,2.02623199895792
10,3,0,-0.143983755489064,0.696408286328998,1.20596875375505
10,4,0,-0.143983755489064,-0.00560727561101249,2.99415578809309
10,5,0,-0.143983755489064,1.05054222823483,1.7483927621027
10,6,0,-0.143983755489064,2.11038914740653,1.80106981071404
11,1,0,0.586058897064396,0.547033869273745,-0.104895161161322
11,2,0,0.586058897064396,0.782832252459021,-0.858059059928484
11,3,0,0.586058897064396,0.979859018356124,-0.889891395153455
11,4,0,0.586058897064396,1.13205981238157,0.418028183041052
11,5,0,0.586058897064396,1.94312488363535,2.62673794895776
11,6,0,0.586058897064396,1.34556107555346,1.69235327979137
12,1,0,-0.0328133420909616,-0.718664318284347,1.01256054018714
12,2,0,-0.0328133420909616,0.820872201858118,-0.951074969175408
12,3,0,-0.0328133420909616,-0.123187668525215,0.899700408876431
12,4,0,-0.0328133420909616,0.78432993049315,-0.16904574962847
12,5,0,-0.0328133420909616,1.5789293870534,2.50565159085796
12,6,0,-0.0328133420909616,1.13043900063265,2.18474286754862
13,1,0,-0.261074291075106,-0.886304628526536,0.190059587043397
13,2,0,-0.261074291075106,1.18300828926824,1.73607216665735
13,3,0,-0.261074291075106,0.558340815315284,2.39851236830549
13,4,0,-0.261074291075106,0.677849256703997,1.93832673654187
13,5,0,-0.261074291075106,1.24279144956035,4.16803650110529
13,6,0,-0.261074291075106,1.60879506475197,1.84949612465038
14,1,0,-2.01934334017198,-0.823487619952887,0.965002660772585
14,2,0,-2.01934334017198,-0.707032294505178,0.205238668207667
14,3,0,-2.01934334017198,-0.61048067361937,-0.481964402432323
14,4,0,-2.01934334017198,-0.471995841450106,0.539239702125543
14,5,0,-2.01934334017198,0.20463530567174,0.600661309672454
14,6,0,-2.01934334017198,0.563781281949436,0.603161656459746
15,1,0,0.361957454931056,0.0189565591765361,-0.129555386494278
15,2,0,0.361957454931056,0.106085329301318,0.425642861619322
15,3,0,0.361957454931056,0.451190373474882,2.23576139017725
15,4,0,0.361957454931056,1.28538019707699,4.29088314743058
15,5,0,0.361957454931056,1.20237818127509,3.214356355133
15,6,0,0.361957454931056,1.4677696966727,4.14629939829314
16,1,0,-0.599632942668391,-0.0865504039587467,-2.49861640755116
16,2,0,-0.599632942668391,0.730243732022659,0.509031417314836
16,3,0,-0.599632942668391,-0.152765685660319,0.369550346158571
16,4,0,-0.599632942668391,0.437564273403713,0.0251070431731277
16,5,0,-0.599632942668391,1.25673745360795,-1.26356621386106
16,6,0,-0.599632942668391,0.396948169632596,-1.19812926828942
17,1,0,0.198694952835121,1.48026675231997,-0.0914373018488306
17,2,0,0.198694952835121,0.602080106111401,-1.13650828313566
17,3,0,0.198694952835121,0.66717979268474,1.28036383890753
17,4,0,0.198694952835121,0.744336945605951,0.31249515532039
17,5,0,0.198694952835121,0.734442176603276,3.41280747785275
17,6,0,0.198694952835121,1.14792728063429,0.520393061796443
18,1,0,-0.560769887816829,0.740566418840177,-1.13242281217491
18,2,0,-0.560769887816829,-0.800802303021818,-1.39936169368382
18,3,0,-0.560769887816829,1.64284271435801,-1.02033967144853
18,4,0,-0.560769887816829,-0.33064398708322,0.436977600914218
18,5,0,-0.560769887816829,1.52038443046078,1.20604277293126
18,6,0,-0.560769887816829,1.07184454667575,0.846352514375142
19,1,0,0.426318371985953,0.615622372338839,1.52561631350584
19,2,0,0.426318371985953,1.1829040046622,3.60645868325585
19,3,0,0.426318371985953,0.60962893875821,2.6921711792421
19,4,0,0.426318371985953,1.43857945487693,3.86330852828638
19,5,0,0.426318371985953,1.66282398015716,4.83728207603734
19,6,0,0.426318371985953,1.40236230094667,4.44066588875079
20,1,0,0.0661747368407101,-0.468916572476273,0.944687218273834
20,2,0,0.0661747368407101,0.0698315654648725,2.09812105308828
20,3,0,0.0661747368407101,1.0687390568495,3.04216485731978
20,4,0,0.0661747368407101,1.15786295583289,3.54263125509707
20,5,0,0.0661747368407101,1.27377826018422,1.96382561369836
20,6,0,0.0661747368407101,0.499986760723536,3.63781888104593
21,1,0,0.836932519114268,1.19554747601385,0.744833504737609
21,2,0,0.836932519114268,0.859628392812328,2.36872962935447
21,3,0,0.836932519114268,0.748417270018536,2.15303566865993
21,4,0,0.836932519114268,1.59274446404155,3.29582632329775
21,5,0,0.836932519114268,1.4555910021538,4.40482843122191
21,6,0,0.836932519114268,1.58763855557056,4.8251150631344
22,1,0,0.0941874351853353,0.466497866418425,2.31236487898151
22,2,0,0.0941874351853353,0.261894899289606,1.20207512086356
22,3,0,0.0941874351853353,-0.199883909412536,2.61279927072359
22,4,0,0.0941874351853353,1.06060738068883,2.92500959946553
22,5,0,0.0941874351853353,0.83115437138983,2.86255384244105
22,6,0,0.0941874351853353,0.547611602018412,3.86553389086576
23,1,0,2.24292067852269,1.65272226128883,0.512316531737125
23,2,0,2.24292067852269,1.10093214898091,0.278294515654655
23,3,0,2.24292067852269,1.91261347599136,1.64154746116044
23,4,0,2.24292067852269,1.70894499719591,3.9889543067309
23,5,0,2.24292067852269,1.88316975411293,5.14776444387616
23,6,0,2.24292067852269,2.22298347240385,5.60218491495817
24,1,0,-1.35767302263554,-0.532569922147083,0.854035384193373
24,2,0,-1.35767302263554,0.293236980944925,0.859939323644371
24,3,0,-1.35767302263554,0.400452813605349,-0.601293901404389
24,4,0,-1.35767302263554,-0.0464606324392122,0.377478681201744
24,5,0,-1.35767302263554,1.30355241324811,0.0307348313527933
24,6,0,-1.35767302263554,0.640401721123196,-0.291861720912245
25,1,0,0.536762929066239,0.494542956395155,1.13128088027847
25,2,0,0.536762929066239,0.413659545685529,0.175996686768765
25,3,0,0.536762929066239,0.951090791785006,0.89142621783185
25,4,0,0.536762929066239,1.42138214987661,1.83478859337311
25,5,0,0.536762929066239,0.197687553568442,3.82746389246305
25,6,0,0.536762929066239,0.997008528348205,3.29347248061781
26,1,0,0.080424492077766,0.55057496426079,-1.57794939371139
26,2,0,0.080424492077766,0.857425330645063,0.204173346072951
26,3,0,0.080424492077766,0.435846052366296,0.467273164232521
26,4,0,0.080424492077766,0.984228608534135,-0.358590158898051
26,5,0,0.080424492077766,1.72601324978517,-0.249224951584627
26,6,0,0.080424492077766,1.09283259694636,2.05876710749068
27,1,0,-0.661809943463178,-0.351151472617987,1.3332812259713
27,2,0,-0.661809943463178,-0.769094233439663,1.02937579325852
27,3,0,-0.661809943463178,0.529301492309873,0.670624009578854
27,4,0,-0.661809943463178,0.340211950424195,2.83276083639353
27,5,0,-0.661809943463178,0.672804544960685,1.33367085251827
27,6,0,-0.661809943463178,0.836997883685823,1.64463392166496
28,1,0,1.18763780487985,0.857112953615082,0.918371137986335
28,2,0,1.18763780487985,0.609455036547718,-0.1953916519845
28,3,0,1.18763780487985,0.957415327060119,1.64710330460386
28,4,0,1.18763780487985,1.70678167693069,2.82206969876212
28,5,0,1.18763780487985,2.28994975704781,2.81441799704668
28,6,0,1.18763780487985,2.70532991473682,6.64412995317486
29,1,0,0.171569793047149,-0.398831901085214,0.103682763935853
29,2,0,0.171569793047149,0.185275047950682,0.183298060409325
29,3,0,0.171569793047149,1.16669238180421,1.92277150882252
29,4,0,0.171569793047149,1.12694852976321,1.54493766913653
29,5,0,0.171569793047149,1.04381631290082,4.12170013580083
29,6,0,0.171569793047149,1.43494779620057,2.35016615646919
30,1,0,0.214899638814364,0.990047580435093,0.0329317907015836
30,2,0,0.214899638814364,0.00318616298013463,3.1538826374806
30,3,0,0.214899638814364,-0.146108580250217,1.40058443711373
30,4,0,0.214899638814364,0.538522428274927,3.45129621770057
30,5,0,0.214899638814364,1.52956640764869,4.19427236133207
30,6,0,0.214899638814364,1.99778295611785,3.56034464827219
31,1,0,2.32254390100494,1.15644468484223,2.77259843088733
31,2,0,2.32254390100494,1.7483266658964,2.02564757997795
31,3,0,2.32254390100494,2.2699980030887,1.64606771516423
31,4,0,2.32254390100494,2.71526529576935,3.37656661650927
31,5,0,2.32254390100494,2.46194873478394,6.10188976491978
31,6,0,2.32254390100494,2.97510578028662,8.52554433662228
32,1,0,-0.169502937020473,0.693215490975842,2.05141406053865
32,2,0,-0.169502937020473,0.468165521466207,4.61437618451743
32,3,0,-0.169502937020473,0.205806456493878,1.11339736229636
32,4,0,-0.169502937020473,1.25812023117349,4.1166099867286
32,5,0,-0.169502937020473,1.44654158298815,3.40523553515562
32,6,0,-0.169502937020473,1.31004230358703,1.01835012296617
33,1,0,0.552770969821111,-0.306006044577907,1.25412066983468
33,2,0,0.552770969821111,0.995602390305268,1.80917798576773
33,3,0,0.552770969821111,1.01655508934542,0.757291376613842
33,4,0,0.552770969821111,1.1036479557666,2.96417691332605
33,5,0,0.552770969821111,1.45864948387186,2.46197479844314
33,6,0,0.552770969821111,0.859567156764491,5.97071719266024
34,1,0,0.481846461393583,0.269302303860423,0.526376540360734
34,2,0,0.481846461393583,0.0461613847557073,2.19364928878128
34,3,0,0.481846461393583,1.12068944272412,2.44731864429638
34,4,0,0.481846461393583,0.783270153094354,2.52781800340864
34,5,0,0.481846461393583,1.97211005145252,3.13973621130369
34,6,0,0.481846461393583,1.03839429696509,2.94271775797344
35,1,0,0.180785291726702,0.590217475976332,2.01882790659905
35,2,0,0.180785291726702,0.408881961264579,4.08885751899202
35,3,0,0.180785291726702,0.581997504350181,3.11714635871518
35,4,0,0.180785291726702,1.49965041737788,5.38773518005293
35,5,0,0.180785291726702,2.02563496208288,5.9748136314136
35,6,0,0.180785291726702,2.28603451086318,2.7474872302793
36,1,0,0.937530562434575,0.211835239755195,0.264811770320571
36,2,0,0.937530562434575,0.97223160253963,3.72358171039763
36,3,0,0.937530562434575,2.03844428066716,2.52837086994306
36,4,0,0.937530562434575,1.35584019846206,3.46668468173737
36,5,0,0.937530562434575,2.31452132526835,4.30663345338415
36,6,0,0.937530562434575,1.52220257385175,5.90295382804056
37,1,0,0.605297706819014,1.33501016334775,-1.22155851591522
37,2,0,0.605297706819014,0.273646824543883,0.94685268474313
37,3,0,0.605297706819014,1.18861405551878,-1.06749360477619
37,4,0,0.605297706819014,0.430022662342312,2.49683112338337
37,5,0,0.605297706819014,0.980782441057555,2.87859515158806
37,6,0,0.605297706819014,1.68491715613623,3.18312049166695
38,1,0,-0.150046075996628,0.907283121370997,-0.269990850232008
38,2,0,-0.150046075996628,0.578967394515049,-0.886845866605914
38,3,0,-0.150046075996628,1.31322956121607,2.17397969319074
38,4,0,-0.150046075996628,0.770060624548639,0.629084998485956
38,5,0,-0.150046075996628,0.858759768922271,0.248192249762817
38,6,0,-0.150046075996628,1.31157900399226,3.13842264488913
39,1,0,-1.53940169474244,0.386233806928156,-0.523153781143094
39,2,0,-1.53940169474244,-0.184038667457276,-1.58742257093027
39,3,0,-1.53940169474244,-0.973488223644379,-0.749417744231022
39,4,0,-1.53940169474244,0.510965070488413,-0.735701532265713
39,5,0,-1.53940169474244,0.766370381872722,-1.75342467837839
39,6,0,-1.53940169474244,0.687218453403146,0.252169837110935
40,1,0,0.391843330512968,0.704055957164002,0.409086287780538
40,2,0,0.391843330512968,0.519946271805668,-1.89191667178992
40,3,0,0.391843330512968,0.432251147082645,0.648330099168622
40,4,0,0.391843330512968,1.21713541238615,1.31189584887626
40,5,0,0.391843330512968,1.27472438671965,0.103667887130483
40,6,0,0.391843330512968,1.66786350472797,0.685042322957091
41,1,0,-0.0373260431491352,0.0317324594708311,-0.747942068188531
41,2,0,-0.0373260431491352,0.558761507456241,-1.19204731827254
41,3,0,-0.0373260431491352,0.627774174828559,-0.00444322772313305
41,4,0,-0.0373260431491352,1.22057537184321,0.0157895549428625
41,5,0,-0.0373260431491352,-0.13463140571047,2.03834883872972
41,6,0,-0.0373260431491352,1.26326673119073,2.38013129655104
42,1,0,0.827626116517122,0.619582666001477,2.05284651791961
42,2,0,0.827626116517122,0.728960630288116,2.63692144330927
42,3,0,0.827626116517122,1.51573241849325,2.82734402300804
42,4,0,0.827626116517122,2.32134629984684,4.70066367856648
42,5,0,0.827626116517122,1.26080310077716,2.71057083119057
42,6,0,0.827626116517122,1.56560512998824,4.83856397972047
43,1,0,-0.665331979033663,-0.225102401789033,2.56456608500982
43,2,0,-0.665331979033663,-0.553172893008135,4.61457088107317
43,3,0,-0.665331979033663,0.972861442802118,1.82443898633191
43,4,0,-0.665331979033663,0.32326929160598,2.64950447327976
43,5,0,-0.665331979033663,0.306489791796068,2.60561890553988
43,6,0,-0.665331979033663,1.03909552234328,3.64564011990368
44,1,0,0.942288464073336,0.00874783812863711,0.056977549744632
44,2,0,0.942288464073336,0.596281511258369,1.12468821275525
44,3,0,0.942288464073336,1.39468851953371,2.90909190594441
44,4,0,0.942288464073336,2.11675576968934,4.23166721482138
44,5,0,0.942288464073336,1.58330641741654,5.43308550177595
44,6,0,0.942288464073336,1.16350891633872,4.71261506783713
45,1,0,-0.0809416298757052,0.807692153394734,1.0789586456094
45,2,0,-0.0809416298757052,0.752887274713188,0.785720766407489
45,3,0,-0.0809416298757052,1.24054098972764,2.55331843603172
45,4,0,-0.0809416298757052,1.34412295664021,2.48536763140985
45,5,0,-0.0809416298757052,-0.0307181568992582,1.1879236197245
45,6,0,-0.0809416298757052,1.78022693303965,3.71848890245285
46,1,0,0.521163361059873,-0.723702502547912,1.09867938696003
46,2,0,0.521163361059873,1.1499608686645,3.55842561079306
46,3,0,0.521163361059873,1.15232123544905,3.17634759665484
46,4,0,0.521163361059873,1.42926586195998,3.39003436513758
46,5,0,0.521163361059873,0.879129584097901,2.80180340599266
46,6,0,0.521163361059873,0.914156746191509,2.46863004623085
47,1,0,1.61466175286344,0.643006559192123,0.836204718894284
47,2,0,1.61466175286344,1.13661030532442,2.30379657813442
47,3,0,1.61466175286344,1.19295732982162,2.64086502103959
47,4,0,1.61466175286344,0.239328559267526,3.65153083011424
47,5,0,1.61466175286344,1.68375842695897,5.33901616867935
47,6,0,1.61466175286344,2.02785308242104,4.85439287872028
48,1,0,-1.7565659395326,-0.218238640820971,1.78646195020932
48,2,0,-1.7565659395326,-0.969625592296388,0.784269865689745
48,3,0,-1.7565659395326,-0.419721278011531,2.20671186654619
48,4,0,-1.7565659395326,-0.0179174885255089,0.521674280505722
48,5,0,-1.7565659395326,0.0262037737083689,0.883000983935286
48,6,0,-1.7565659395326,0.434997896953442,1.76393693136589
49,1,0,0.0236704073602128,0.342406228293342,-0.0627973687877335
49,2,0,0.0236704073602128,1.339042197954,0.510408069568147
49,3,0,0.0236704073602128,0.396305118083889,0.128070410293366
49,4,0,0.0236704073602128,0.301229123953579,2.34822787611627
49,5,0,0.0236704073602128,1.84984351148937,2.02095085612302
49,6,0,0.0236704073602128,1.14237872441368,3.88976774422889
50,1,0,-1.05243771447958,0.290206750660849,-0.27631290661132
50,2,0,-1.05243771447958,-0.331976147509505,0.0784093174185179
50,3,0,-1.05243771447958,0.644389922826399,1.85558157163888
50,4,0,-1.05243771447958,-0.0363544318974775,1.14349827947337
50,5,0,-1.05243771447958,-0.63902084988463,0.0282478533308865
50,6,0,-1.05243771447958,0.277763327171488,1.60530873660652
51,1,0,1.41893961966826,1.72807036319162,1.23790039735326
51,2,0,1.41893961966826,1.68895995675209,2.07276778859
51,3,0,1.41893961966826,0.971263584985605,3.6394918544787
51,4,0,1.41893961966826,1.11899195431195,3.41900141304584
51,5,0,1.41893961966826,1.87654473407966,4.68940054213404
51,6,0,1.41893961966826,3.04105530464514,4.8924758822659
52,1,0,-1.1910633756242,0.200524510461652,-2.7265059697081
52,2,0,-1.1910633756242,-1.2115909345573,-1.40963894581555
52,3,0,-1.1910633756242,0.386175892807225,-1.47451140247512
52,4,0,-1.1910633756242,1.02789828620209,0.146871306849964
52,5,0,-1.1910633756242,-0.273264466564166,-0.0141430110384286
52,6,0,-1.1910633756242,0.578879852223559,-1.17416016414042
53,1,0,0.195514781381017,-0.742554152921851,2.23579400276791
53,2,0,0.195514781381017,0.23337503458647,1.10762600155431
53,3,0,0.195514781381017,0.263301882945963,2.51597948959044
53,4,0,0.195514781381017,-0.199791624518697,3.42840858712109
53,5,0,0.195514781381017,1.60088371927206,1.87400311570008
53,6,0,0.195514781381017,1.23132242768948,2.10936229576561
54,1,0,0.111145488608917,0.41248587564804,-1.23962257171445
54,2,0,0.111145488608917,0.650566893014723,0.757366835792272
54,3,0,0.111145488608917,0.638921948130227,-0.317803478051985
54,4,0,0.111145488608917,-0.29731490602435,0.682731490142251
54,5,0,0.111145488608917,1.38608083061868,1.22724299967546
54,6,0,0.111145488608917,1.38422425480489,3.12874530862489
55,1,0,0.666862478709229,1.66603184966515,-0.96199867245643
55,2,0,0.666862478709229,0.633112902252682,-1.17037332152456
55,3,0,0.666862478709229,0.343015660916893,0.874503842048745
55,4,0,0.666862478709229,0.770817827624448,-0.0109943396516543
55,5,0,0.666862478709229,0.964533553442544,1.71046636135371
55,6,0,0.666862478709229,1.76201281537328,1.8951412953794
56,1,0,-1.77404829500802,-1.40580752868787,1.39863275680412
56,2,0,-1.77404829500802,0.870111926030201,-0.982599170611262
56,3,0,-1.77404829500802,-0.830299171612467,-0.778719888508792
56,4,0,-1.77404829500802,0.334381341446428,2.10682625136074
56,5,0,-1.77404829500802,0.0402025096737488,0.21272995862292
56,6,0,-1.77404829500802,-0.102134961440965,-0.482035354350842
57,1,0,-1.69162901504091,-0.937011635623388,-1.822960278522
57,2,0,-1.69162901504091,-0.854090558628001,0.246599401891903
57,3,0,-1.69162901504091,0.306483912711003,-1.10550309471832
57,4,0,-1.69162901504091,-0.375186713716243,-0.403217811110663
57,5,0,-1.69162901504091,-0.0372694866470827,-1.2397278955316
57,6,0,-1.69162901504091,0.042822212170315,-1.72546983425334
58,1,0,-0.849031394079241,-0.365462147353985,-0.312601656922766
58,2,0,-0.849031394079241,-0.0832361702771065,0.103741778870931
58,3,0,-0.849031394079241,0.142581169967471,-0.482286945873843
58,4,0,-0.849031394079241,0.460384860409781,1.40366770538517
58,5,0,-0.849031394079241,0.996609986700584,0.871624823978852
58,6,0,-0.849031394079241,0.85264265006985,1.89123646594172
59,1,0,1.21025798910521,1.04847972204707,-0.575583913121781
59,2,0,1.21025798910521,1.38937084327584,1.37186521680745
59,3,0,1.21025798910521,1.2547790752355,0.529851722231607
59,4,0,1.21025798910521,1.17327232495747,1.47840784888763
59,5,0,1.21025798910521,1.172880927698,3.91882955565966
59,6,0,1.21025798910521,1.39574007441178,2.28500196266698
60,1,0,0.789386089516239,0.179951915237443,0.435733939422799
60,2,0,0.789386089516239,0.438493621227776,1.47709316141718
60,3,0,0.789386089516239,1.21539128818204,3.37967447648071
60,4,0,0.789386089516239,1.76191512346368,2.94762787653769
60,5,0,0.789386089516239,1.35758016131045,2.48842314882934
60,6,0,0.789386089516239,1.50244938572149,4.71258184189825
61,1,0,1.15707226166531,0.695992482122723,0.366873356023154
61,2,0,1.15707226166531,1.30843852180442,0.25928295987725
61,3,0,1.15707226166531,1.23140830848896,0.670889744195337
61,4,0,1.15707226166531,1.52680662397394,3.10031216794104
61,5,0,1.15707226166531,1.97553314383926,4.52201393669106
61,6,0,1.15707226166531,1.89587096185583,4.17000041602687
62,1,0,-0.344242039937823,-0.012607129644549,1.53095259638453
62,2,0,-0.344242039937823,-0.190659504558242,2.99016158987811
62,3,0,-0.344242039937823,0.129929099988597,2.55026017406343
62,4,0,-0.344242039937823,0.75025985280716,0.871172605987694
62,5,0,-0.344242039937823,-0.088414077084213,2.66185824077775
62,6,0,-0.344242039937823,1.68941056098916,2.3342515589607
63,1,0,-0.520156154475325,0.115284773651995,-0.554998777313392
63,2,0,-0.520156154475325,0.380215358847244,0.198926509461979
63,3,0,-0.520156154475325,-0.045325702695873,0.599340066190899
63,4,0,-0.520156154475325,0.403372511379866,3.05428355693047
63,5,0,-0.520156154475325,0.339830867502976,2.03433756350707
63,6,0,-0.520156154475325,0.952544521227367,1.17519783476071
64,1,0,0.203435284900822,0.515493855780151,-0.749085263516488
64,2,0,0.203435284900822,0.746187070355182,2.1052938488016
64,3,0,0.203435284900822,0.374895246973636,1.58265151593793
64,4,0,0.203435284900822,0.506751948936316,2.14495255559874
64,5,0,0.203435284900822,1.51739942863017,0.95825975606708
64,6,0,0.203435284900822,1.09147631899005,3.41111423514602
65,1,0,-0.55341970038927,-0.131380062378949,-1.32195592808742
65,2,0,-0.55341970038927,-0.241965241577032,-1.02423916263361
65,3,0,-0.55341970038927,1.15300408189915,-0.535841679982353
65,4,0,-0.55341970038927,0.0532746291132736,-0.968231722746471
65,5,0,-0.55341970038927,0.745558003100886,0.832777050424564
65,6,0,-0.55341970038927,-0.00751406091164042,1.96077688545181
66,1,0,1.16897479134018,0.184878831174988,-1.28620870245401
66,2,0,1.16897479134018,0.987928053916087,0.166753297701763
66,3,0,1.16897479134018,1.27696264162646,1.68247659314794
66,4,0,1.16897479134018,1.55536067948273,3.87746819914394
66,5,0,1.16897479134018,2.15354648101136,4.79993387221023
66,6,0,1.16897479134018,1.71085429487955,4.04950544043591
67,1,0,-0.311033874726052,0.0263159579110574,0.871500540829715
67,2,0,-0.311033874726052,0.213806039758833,1.10566090191848
67,3,0,-0.311033874726052,1.16580579545896,2.62828302528987
67,4,0,-0.311033874726052,0.941962746311597,1.57046531053
67,5,0,-0.311033874726052,0.185785078920236,1.0287988657371
67,6,0,-0.311033874726052,0.0881200987592246,4.48340110608756
68,1,0,0.609445260914666,0.160720456451015,-0.875045477717211
68,2,0,0.609445260914666,0.398587442880102,1.97447918279283
68,3,0,0.609445260914666,0.855870863727989,1.76870737136006
68,4,0,0.609445260914666,1.43803622432617,3.07264275168721
68,5,0,0.609445260914666,1.53294248674142,3.1268484428726
68,6,0,0.609445260914666,2.30216153797432,4.90626806484531
69,1,0,-1.70140877068258,-0.772137510934144,-3.67033050406739
69,2,0,-1.70140877068258,-0.0887373122839057,0.00741645039112426
69,3,0,-1.70140877068258,0.23462709293423,-0.35143639642592
69,4,0,-1.70140877068258,-0.0133450385366955,-3.11261503664916
69,5,0,-1.70140877068258,0.647212644285179,-1.22067385183629
69,6,0,-1.70140877068258,-0.318090934527394,-1.7703701960703
70,1,0,-0.701528235373902,0.419756517766687,-0.392170361021321
70,2,0,-0.701528235373902,1.00520991718909,-1.24465679664118
70,3,0,-0.701528235373902,0.397714193248576,1.73346811162478
70,4,0,-0.701528235373902,0.141784792120088,2.62165510171308
70,5,0,-0.701528235373902,-0.229555991095407,1.66547134257899
70,6,0,-0.701528235373902,0.457270807196878,3.5583092350656
71,1,0,0.505874716504533,0.0328685484582639,1.22528702490137
71,2,0,0.505874716504533,1.59522458519428,2.23505630653046
71,3,0,0.505874716504533,1.76396196449465,4.50976634967245
71,4,0,0.505874716504533,2.02663440047412,5.34020271673294
71,5,0,0.505874716504533,1.16929077274353,5.67948718050403
71,6,0,0.505874716504533,0.987516672556885,4.01479530785995
72,1,0,-0.844325706369891,-0.160769095993306,1.77828123515083
72,2,0,-0.844325706369891,-0.626002441128783,2.86943080366521
72,3,0,-0.844325706369891,0.624503195437875,1.13819663453126
72,4,0,-0.844325706369891,0.4128826402263,2.34116236266462
72,5,0,-0.844325706369891,0.64321904824842,6.00376292914209
72,6,0,-0.844325706369891,1.30388473771754,4.39817205983043
73,1,0,0.35463969852429,0.175853581251931,1.54901516888919
73,2,0,0.35463969852429,0.255347723083929,3.75759086722241
73,3,0,0.35463969852429,0.842048899742575,2.74674519300349
73,4,0,0.35463969852429,0.843858032144758,3.48463769028479
73,5,0,0.35463969852429,2.02272986936328,2.63274428096982
73,6,0,0.35463969852429,1.756515220362,3.36491283175246
74,1,0,0.634049900150801,1.06843050846366,0.631806643103645
74,2,0,0.634049900150801,1.09459023941769,1.10185630635582
74,3,0,0.634049900150801,1.16047718202649,2.21277078081482
74,4,0,0.634049900150801,0.194209434370495,4.49679293334212
74,5,0,0.634049900150801,1.57111541788119,3.78301141707104
74,6,0,0.634049900150801,1.8709185053691,3.83801701206847
75,1,0,-0.144614154426945,-0.1812136320715,-1.50303099629943
75,2,0,-0.144614154426945,0.0812045686177193,-0.30813252539654
75,3,0,-0.144614154426945,0.592606669784812,-0.87606327177109
75,4,0,-0.144614154426945,2.21284582539953,1.49034525451696
75,5,0,-0.144614154426945,0.89070743973123,1.99305042503676
75,6,0,-0.144614154426945,1.22531924408363,1.04904749337575
76,1,0,-0.965620194716236,-0.416127905137339,-0.767970743384194
76,2,0,-0.965620194716236,0.895930664804138,-0.185344950505385
76,3,0,-0.965620194716236,0.77433449793566,0.860449806370312
76,4,0,-0.965620194716236,0.70085446817956,1.07172526057056
76,5,0,-0.965620194716236,1.05852067016297,0.51916850372457
76,6,0,-0.965620194716236,0.638859520759945,1.33787453176867
77,1,0,-1.86580715673843,-0.391278486536145,-0.0920440713171948
77,2,0,-1.86580715673843,-1.3757502672685,-0.560366699602578
77,3,0,-1.86580715673843,0.308335534756901,-0.371286061286313
77,4,0,-1.86580715673843,0.345233743814379,-0.20407441671565
77,5,0,-1.86580715673843,0.381411993188402,-1.14332176885771
77,6,0,-1.86580715673843,-0.584252643983715,-1.27669748966723
78,1,0,-1.36945985986056,-0.317388985722178,0.757961675843857
78,2,0,-1.36945985986056,-0.931319605141151,-1.47231495687832
78,3,0,-1.36945985986056,0.64939703346783,0.947760079117256
78,4,0,-1.36945985986056,0.141848675286346,0.427700713693576
78,5,0,-1.36945985986056,0.645979505797502,0.123611381550555
78,6,0,-1.36945985986056,0.853461304724385,-1.30724575909746
79,1,0,-1.4085132336069,-1.4450148783583,0.727494818634948
79,2,0,-1.4085132336069,-0.599025158604699,0.291135574546722
79,3,0,-1.4085132336069,-0.406989701850758,0.882944383939482
79,4,0,-1.4085132336069,-0.0202306741507156,0.290743072184474
79,5,0,-1.4085132336069,0.418122082147065,-0.554654948017118
79,6,0,-1.4085132336069,0.161492862233551,-0.104305091084399
80,1,0,1.0465570019994,0.83467245617602,1.79474289967135
80,2,0,1.0465570019994,0.112243844479774,2.42789304208095
80,3,0,1.0465570019994,0.333555656213314,4.11924338896377
80,4,0,1.0465570019994,1.01788286394161,3.88357495448787
80,5,0,1.0465570019994,1.53660910957585,4.5182271100794
80,6,0,1.0465570019994,1.62573779201925,6.09413820742505
81,1,0,-1.41453829223088,-0.422101284770018,0.769101887017708
81,2,0,-1.41453829223088,-0.315168451954516,0.729566856970148
81,3,0,-1.41453829223088,-0.272040188359851,-0.671347616711595
81,4,0,-1.41453829223088,0.183840000922275,-0.614516066633574
81,5,0,-1.41453829223088,0.299215308065219,0.0802272383475152
81,6,0,-1.41453829223088,0.732800101297085,0.510417085488192
82,1,0,0.160539536166133,0.959530186512375,-0.215930107181071
82,2,0,0.160539536166133,-0.326281366208948,1.07948246934508
82,3,0,0.160539536166133,0.324000083908395,1.52302152579562
82,4,0,0.160539536166133,-0.258160129826018,1.74745221913454
82,5,0,0.160539536166133,1.46023105551091,2.33039670539431
82,6,0,0.160539536166133,0.788817140506763,2.32858808738527
83,1,0,-0.567801186208016,0.231833577654445,1.9093919950695
83,2,0,-0.567801186208016,-0.406252558339809,1.71838187145903
83,3,0,-0.567801186208016,0.500105335834885,0.424872683579041
83,4,0,-0.567801186208016,1.6055462707676,1.14871256154913
83,5,0,-0.567801186208016,1.27321097698752,2.60872052340111
83,6,0,-0.567801186208016,0.495575788605087,1.73434907598337
84,1,0,-0.782213005252933,-1.24210551325893,0.62824879952858
84,2,0,-0.782213005252933,0.998799311582334,-0.285355853362829
84,3,0,-0.782213005252933,0.152353660632812,1.08574270218729
84,4,0,-0.782213005252933,0.437770170026559,0.992180904182235
84,5,0,-0.782213005252933,0.555952746039179,2.04941499620541
84,6,0,-0.782213005252933,0.890162464146768,-0.894620656851764
85,1,0,-0.487130227305875,0.47292213649988,-0.82059178734108
85,2,0,-0.487130227305875,0.492301356302156,0.262528389117469
85,3,0,-0.487130227305875,1.29009677447065,1.17301382240356
85,4,0,-0.487130227305875,1.43591257033689,2.60956505836633
85,5,0,-0.487130227305875,1.82677210590248,0.693530436043082
85,6,0,-0.487130227305875,1.32378375915425,1.21715970534733
86,1,0,-0.384373119535855,-0.170904424548637,0.498232930318139
86,2,0,-0.384373119535855,-0.295740805748663,0.301854807254213
86,3,0,-0.384373119535855,0.578383091390104,0.695014709575832
86,4,0,-0.384373119535855,0.528019648180887,-0.737125962869525
86,5,0,-0.384373119535855,1.01985265304516,-0.0830034763200127
86,6,0,-0.384373119535855,1.67834611857395,2.49504179213634
87,1,0,0.408020963230945,0.962156203251732,1.94439889343524
87,2,0,0.408020963230945,0.99999055549027,1.16647176165158
87,3,0,0.408020963230945,0.970786735481066,1.69236048882497
87,4,0,0.408020963230945,1.41338326575805,4.12905636501844
87,5,0,0.408020963230945,1.49273145808118,2.17402526741817
87,6,0,0.408020963230945,1.37163125752385,5.37627582349371
88,1,0,0.599584079099597,0.730924181364043,-1.31376569334669
88,2,0,0.599584079099597,1.44699595117378,-0.623281047649964
88,3,0,0.599584079099597,0.28253615169462,-0.693242466503484
88,4,0,0.599584079099597,1.16021618973925,1.01881668516363
88,5,0,0.599584079099597,0.964519264352473,1.21574324307197
88,6,0,0.599584079099597,1.84858002344773,2.57058311503664
89,1,0,-0.311048261021212,0.172929318481353,2.7900643892079
89,2,0,-0.311048261021212,0.913627245775031,1.24443702713629
89,3,0,-0.311048261021212,-0.781248428169652,1.03938341222443
89,4,0,-0.311048261021212,0.602717775024287,0.461064451496916
89,5,0,-0.311048261021212,0.77172145901647,2.32861716047523
89,6,0,-0.311048261021212,0.875048468268877,4.46406247718196
90,1,0,-0.812370112719702,0.508688758563729,0.663812620865317
90,2,0,-0.812370112719702,0.0978888128213179,0.604934747365124
90,3,0,-0.812370112719702,-0.227169219633528,0.483064206170982
90,4,0,-0.812370112719702,-0.0789620142453338,1.30016784410719
90,5,0,-0.812370112719702,0.474031207045202,-0.35852658877042
90,6,0,-0.812370112719702,0.362037836323042,2.62002321031834
91,1,0,-0.835160216707722,0.0821439607244709,-1.31297017293814
91,2,0,-0.835160216707722,-0.215052170622971,-0.00952574873257295
91,3,0,-0.835160216707722,-0.515795699189277,0.93911380476138
91,4,0,-0.835160216707722,0.0994435769261413,0.29534073274764
91,5,0,-0.835160216707722,0.640632783084201,0.631494983316459
91,6,0,-0.835160216707722,0.444237884051304,-0.614904284648697
92,1,0,-0.0347979035615357,-0.425071253260572,-0.276129691013229
92,2,0,-0.0347979035615357,-0.00558881648247656,2.6914081615219
92,3,0,-0.0347979035615357,0.12042472026752,0.139596914798406
92,4,0,-0.0347979035615357,0.19294717753885,-0.0358857413034133
92,5,0,-0.0347979035615357,0.961964380434135,2.00578635972552
92,6,0,-0.0347979035615357,1.17135420091513,2.59638281957783
93,1,0,-0.875486806182028,0.130202709056072,0.0515320316326158
93,2,0,-0.875486806182028,-1.41949223413023,0.503122856462025
93,3,0,-0.875486806182028,-0.109791084167903,-1.1180468841845
93,4,0,-0.875486806182028,0.659965080718873,-0.368352880340779
93,5,0,-0.875486806182028,0.067354181000394,0.0520547024496831
93,6,0,-0.875486806182028,1.4060340511004,-1.52569833771551
94,1,0,-0.257821470178811,0.103041140124536,3.00578229260879
94,2,0,-0.257821470178811,0.0510455966337183,2.81600739821049
94,3,0,-0.257821470178811,1.28170651334834,1.88866826165356
94,4,0,-0.257821470178811,0.524450670730671,4.24222926203413
94,5,0,-0.257821470178811,0.543757953082137,3.89014943444177
94,6,0,-0.257821470178811,0.837694358790485,5.33137502521585
95,1,0,-1.06522102729796,0.338860131607811,1.32692462722341
95,2,0,-1.06522102729796,-0.127369030427613,-0.0832637940592554
95,3,0,-1.06522102729796,0.0207887615637769,-0.11264669981747
95,4,0,-1.06522102729796,0.226974834769246,2.89905849310711
95,5,0,-1.06522102729796,0.495476577660107,2.54073657860863
95,6,0,-1.06522102729796,0.231418798298941,0.847408625748489
96,1,0,0.55656405447025,1.84356052443496,2.97044415315513
96,2,0,0.55656405447025,0.403515009694641,4.91746159042525
96,3,0,0.55656405447025,1.18467123093859,3.82888905681828
96,4,0,0.55656405447025,1.45829670995655,4.519569208739
96,5,0,0.55656405447025,2.31876334410251,2.96806867089888
96,6,0,0.55656405447025,1.45175015135933,4.95375559492303
97,1,0,0.968155189610845,0.731474808343252,2.00819632359671
97,2,0,0.968155189610845,1.81966272467269,2.41871187476564
97,3,0,0.968155189610845,1.32541288635434,2.85560582347779
97,4,0,0.968155189610845,1.02840238957306,1.99543376514698
97,5,0,0.968155189610845,0.72402655805433,6.36901987614095
97,6,0,0.968155189610845,1.62812732719515,5.45740806337183
98,1,0,-0.642161084239234,-0.285123013459829,-0.000642853350642403
98,2,0,-0.642161084239234,-0.598332460697446,2.16895969756833
98,3,0,-0.642161084239234,0.455815886578303,0.909661380366459
98,4,0,-0.642161084239234,0.799759144823868,2.97501355379955
98,5,0,-0.642161084239234,0.742981106632073,2.0103010060523
98,6,0,-0.642161084239234,1.28403169128433,3.27781589866413
99,1,0,0.489663886549812,1.58049905561598,0.63224613149953
99,2,0,0.489663886549812,0.372598634840632,0.153880335628493
99,3,0,0.489663886549812,1.4943622173095,1.81815428213934
99,4,0,0.489663886549812,1.5378597808116,0.935298801828264
99,5,0,0.489663886549812,1.56518687462083,2.92415904318258
99,6,0,0.489663886549812,0.602576741552375,2.44369000347583
100,1,0,0.83152065605674,0.478913216287586,0.746784055135776
100,2,0,0.83152065605674,1.4235529798745,2.04540124845096
100,3,0,0.83152065605674,0.968193684526933,1.32348962919775
100,4,0,0.83152065605674,1.07833225792295,0.547613792696509
100,5,0,0.83152065605674,1.06746551895251,3.31761291520659
100,6,0,0.83152065605674,1.85523532671524,3.08316773932352
101,1,0,-0.919726134671162,-0.0153717261852472,2.7788719289477
101,2,0,-0.919726134671162,0.0258159670995393,2.62781854772703
101,3,0,-0.919726134671162,-0.210141999024792,2.44073176765192
101,4,0,-0.919726134671162,0.524799330002078,1.78160512517281
101,5,0,-0.919726134671162,-0.0437030303186893,3.04165380941417
101,6,0,-0.919726134671162,1.3026199543081,5.32428649347593
102,1,0,0.641255824240951,0.532093223730807,-2.09251354544218
102,2,0,0.641255824240951,0.0941130407259139,0.733006859014464
102,3,0,0.641255824240951,1.55861283645998,-0.23990034173479
102,4,0,0.641255824240951,1.21632707133294,-0.176646402386964
102,5,0,0.641255824240951,1.77130479077965,4.52178543711811
102,6,0,0.641255824240951,2.00779025241614,1.91109596784127
103,1,0,1.14326851073882,0.0119837643154777,2.22043326561435
103,2,0,1.14326851073882,0.362873618700088,4.6975800148237
103,3,0,1.14326851073882,1.97187455363987,2.20278367481176
103,4,0,1.14326851073882,0.549403280336012,4.53412190050463
103,5,0,1.14326851073882,0.74357105113021,4.04691725702911
103,6,0,1.14326851073882,1.41192305654462,5.38945740422014
104,1,0,-1.08072100327974,-0.36568086508946,-0.464035936891244
104,2,0,-1.08072100327974,-0.98836432896696,-0.356166326023515
104,3,0,-1.08072100327974,0.467378110330098,-0.0636497459678805
104,4,0,-1.08072100327974,-0.935126213484022,-0.716266458809519
104,5,0,-1.08072100327974,0.502717496775458,-0.660129046615434
104,6,0,-1.08072100327974,1.47173852447056,2.01181621362982
105,1,0,-0.308977011536411,-0.179345642251318,-0.562705733283704
105,2,0,-0.308977011536411,0.70656302910021,0.18167481062825
105,3,0,-0.308977011536411,1.21257374180067,0.813478648356054
105,4,0,-0.308977011536411,0.381854939551222,0.207736765764304
105,5,0,-0.308977011536411,1.2106178506653,0.0126906713691238
105,6,0,-0.308977011536411,0.964448644390534,1.03945464476557
106,1,0,1.50226005393992,1.34925401718096,2.64319435904704
106,2,0,1.50226005393992,0.98662538563711,1.3596364327739
106,3,0,1.50226005393992,2.12823788384978,3.59777809891119
106,4,0,1.50226005393992,2.30362907733559,5.55472033802837
106,5,0,1.50226005393992,1.37909145501961,4.84064460409266
106,6,0,1.50226005393992,1.71825363617274,4.87571321763657
107,1,0,-0.89457220946846,-0.463955575441369,-3.48745734772936
107,2,0,-0.89457220946846,-0.0519919382569897,0.125749218439857
107,3,0,-0.89457220946846,0.520988865165158,-1.70695509814757
107,4,0,-0.89457220946846,0.33236786268323,0.725662474427429
107,5,0,-0.89457220946846,1.03760437559963,1.39038624668232
107,6,0,-0.89457220946846,0.256795459568391,-0.335002534800443
108,1,0,-1.22324299509621,-0.526114758338154,-0.692133068311805
108,2,0,-1.22324299509621,0.18477604071721,0.429974089819244
108,3,0,-1.22324299509621,0.286754140761167,0.372277811842254
108,4,0,-1.22324299509621,0.542204942504875,0.697878652044274
108,5,0,-1.22324299509621,0.399442852524572,1.14482729349123
108,6,0,-1.22324299509621,1.27799739480744,0.760227606864043
109,1,0,-0.758669466253882,-0.783003297910145,0.0513878206820995
109,2,0,-0.758669466253882,0.285020986239263,-0.434316127626099
109,3,0,-0.758669466253882,0.898896938193642,-1.10042010645776
109,4,0,-0.758669466253882,0.828259841590877,0.643677661471694
109,5,0,-0.758669466253882,0.380786238406674,1.65897088961278
109,6,0,-0.758669466253882,0.456410360436729,1.16614884094835
110,1,0,-2.28836186963232,-1.42240905596012,1.56363050881366
110,2,0,-2.28836186963232,-1.21031092491361,2.01509164036705
110,3,0,-2.28836186963232,-0.766586478955116,0.996018770236634
110,4,0,-2.28836186963232,-0.412915805901137,1.21019829707552
110,5,0,-2.28836186963232,-1.10526766855183,1.11050770085309
110,6,0,-2.28836186963232,-0.0558900611664474,0.75444310848228
111,1,0,0.79771570665335,-0.553133989340675,1.36541391115453
111,2,0,0.79771570665335,0.246665282521328,2.08614423172338
111,3,0,0.79771570665335,0.972160689944622,2.5652568519032
111,4,0,0.79771570665335,0.376996285841898,2.30036239478882
111,5,0,0.79771570665335,1.4268445074441,3.26085042603327
111,6,0,0.79771570665335,1.94231661484459,5.31180379360411
112,1,0,0.12870078897994,0.307506803447317,0.692955762744788
112,2,0,0.12870078897994,-0.0268741505941875,2.4379863824427
112,3,0,0.12870078897994,1.00343228065177,1.30208928752089
112,4,0,0.12870078897994,0.131765893134764,2.86354301083545
112,5,0,0.12870078897994,0.933523097093359,2.94208138077174
112,6,0,0.12870078897994,1.76925438035231,3.72716043227665
113,1,0,-0.00931074971757802,-0.397545128543512,-0.304337726872656
113,2,0,-0.00931074971757802,0.504335269263596,-1.47696043309091
113,3,0,-0.00931074971757802,0.69556377664362,0.706831865285902
113,4,0,-0.00931074971757802,0.952311641049705,1.58895831015197
113,5,0,-0.00931074971757802,1.72201418175824,1.80348015736981
113,6,0,-0.00931074971757802,1.00346429177833,2.07938285516792
114,1,0,-1.33814559514493,-0.13084645095529,0.258563622937842
114,2,0,-1.33814559514493,-0.328313780755942,-0.755357255404722
114,3,0,-1.33814559514493,0.767190991540338,0.547314979192388
114,4,0,-1.33814559514493,0.551545429130956,1.51813317281849
114,5,0,-1.33814559514493,0.280707403536271,0.585742471844865
114,6,0,-1.33814559514493,1.87073018189421,1.79129333628737
115,1,0,-0.0307450017978104,-0.203832382523738,-0.547529905930902
115,2,0,-0.0307450017978104,0.803531851748503,-1.94762176066094
115,3,0,-0.0307450017978104,-0.328550830765483,1.15802858200512
115,4,0,-0.0307450017978104,1.08894515645791,0.479216783688697
115,5,0,-0.0307450017978104,1.00890444877836,2.146119939363
115,6,0,-0.0307450017978104,2.54984322597835,2.60041936200757
116,1,0,0.416210502177554,0.800227902503501,-1.13776949509889
116,2,0,0.416210502177554,0.72177376351145,-1.29095759397637
116,3,0,0.416210502177554,1.05092852687046,0.163616534216729
116,4,0,0.416210502177554,1.07841177778874,0.318569963738997
116,5,0,0.416210502177554,1.27216409348855,2.62571443309508
116,6,0,0.416210502177554,2.20291413903546,1.40992567038327
117,1,0,0.185682053987045,0.0154632265573412,0.126843635097071
117,2,0,0.185682053987045,-0.294568652078405,-1.59502600932928
117,3,0,0.185682053987045,0.3434221572718,-0.0954442306696356
117,4,0,0.185682053987045,0.736971931659641,0.410252145148292
117,5,0,0.185682053987045,1.5296434146358,1.91722421838383
117,6,0,0.185682053987045,1.67782346096464,1.01747266376817
118,1,0,-1.59532950598604,-0.798373104920996,-1.00968400645432
118,2,0,-1.59532950598604,-0.204361624072532,0.370830252251386
118,3,0,-1.59532950598604,-0.896149987574084,0.484139473997054
118,4,0,-1.59532950598604,0.141700472907281,-0.466405186376612
118,5,0,-1.59532950598604,1.00839653260119,-0.026721952059122
118,6,0,-1.59532950598604,0.332064509443496,0.821121599465879
119,1,0,0.121268709978484,0.181681164145453,0.570191327984123
119,2,0,0.121268709978484,0.519288120645323,2.03742277716536
119,3,0,0.121268709978484,0.742228904360963,0.281887395792038
119,4,0,0.121268709978484,0.580678820252124,2.26926858657859
119,5,0,0.121268709978484,0.646598927456894,0.783493583393684
119,6,0,0.121268709978484,1.40112832662989,0.82104317069335
120,1,0,-0.523538252561795,-0.179295568123839,0.22212232449333
120,2,0,-0.523538252561795,0.10946622333482,0.335398721679965
120,3,0,-0.523538252561795,0.89486358654903,0.578696943291453
120,4,0,-0.523538252561795,0.176361255514506,1.50645843591311
120,5,0,-0.523538252561795,0.706148111155747,4.27936001732894
120,6,0,-0.523538252561795,1.38773488273727,3.45033864189556
121,1,3,-1.3209898980621,-0.659030256624808,-1.11457919929402
121,2,3,-1.3209898980621,-0.141217731860885,1.28435903211288
121,3,3,-1.3209898980621,-0.791920375267903,0.685288874745403
121,4,3,-1.3209898980621,-0.0734820400267869,3.25785366872356
121,5,3,-1.3209898980621,-0.49656205388661,2.02276889139347
121,6,3,-1.3209898980621,-0.965589275967642,5.21429798519067
122,1,3,0.65557245598294,0.507227828874015,-0.250570912893117
122,2,3,0.65557245598294,1.03929914437131,-0.420264983423434
122,3,3,0.65557245598294,1.34473746170499,1.76685337912262
122,4,3,0.65557245598294,0.87359591944603,3.4820602234097
122,5,3,0.65557245598294,0.892485396451848,5.95175331176178
122,6,3,0.65557245598294,2.52111655846667,7.40612320147572
123,1,3,0.0144327369651312,0.897110333973617,-0.887945988958214
123,2,3,0.0144327369651312,0.562597501739654,0.177689505327719
123,3,3,0.0144327369651312,1.19295988538516,2.78876965030089
123,4,3,0.0144327369651312,-0.152912404575872,2.14857714673905
123,5,3,0.0144327369651312,0.354572848563497,5.03305075612627
123,6,3,0.0144327369651312,0.11038766791842,6.34960584861583
124,1,3,0.06591379512311,0.0534203651908569,-0.843874058964572
124,2,3,0.06591379512311,0.270394743140451,2.86834595033898
124,3,3,0.06591379512311,0.129802985645562,3.91738873706921
124,4,3,0.06591379512311,0.873770307631855,4.42769196153781
124,5,3,0.06591379512311,0.983498849130909,7.0964325924724
124,6,3,0.06591379512311,1.20719003484248,9.48929410346392
125,1,3,-0.275046326426422,0.293249514156622,1.81714098956309
125,2,3,-0.275046326426422,0.229476930121458,0.185804954844934
125,3,3,-0.275046326426422,0.268736748455175,2.76347481395949
125,4,3,-0.275046326426422,0.466683387349963,4.5530580706989
125,5,3,-0.275046326426422,1.15612694018968,7.60432928703051
125,6,3,-0.275046326426422,0.396102765747029,5.50714869110561
126,1,3,-0.556089165281445,-0.204073561439021,0.917827508857894
126,2,3,-0.556089165281445,0.19698200850372,2.39608998202929
126,3,3,-0.556089165281445,1.33309830602468,2.51649382846799
126,4,3,-0.556089165281445,0.813016580393121,3.75983978920604
126,5,3,-0.556089165281445,0.279270401241487,5.81598295015132
126,6,3,-0.556089165281445,0.767015417251097,6.57061869757607
127,1,3,-0.481761250465059,-0.507168035910364,-0.907680621931876
127,2,3,-0.481761250465059,0.782178870451505,-1.068489152912
127,3,3,-0.481761250465059,-0.112056540437024,1.85024307065664
127,4,3,-0.481761250465059,0.398656788397188,5.22249311314911
127,5,3,-0.481761250465059,0.423006794578998,3.11951784142225
127,6,3,-0.481761250465059,0.671986212079901,5.44040257022184
128,1,3,-1.32740904200675,-1.65144181693399,1.33668575620608
128,2,3,-1.32740904200675,0.13845682943084,-0.164424994709493
128,3,3,-1.32740904200675,-0.186641909443694,1.74404216922443
128,4,3,-1.32740904200675,-0.0193098809394121,1.16926685493817
128,5,3,-1.32740904200675,0.260278867551969,3.41050128420705
128,6,3,-1.32740904200675,0.426968699743162,5.81478718328758
129,1,3,-0.835635156209953,0.365077037473928,1.17563749280077
129,2,3,-0.835635156209953,0.0255047424585454,0.463487723132613
129,3,3,-0.835635156209953,0.238261763497732,1.81748991235753
129,4,3,-0.835635156209953,1.14995136482981,3.02643141094252
129,5,3,-0.835635156209953,-0.368831270681908,4.53077069457151
129,6,3,-0.835635156209953,0.494855790328605,3.7369366925089
130,1,3,0.014617056865741,-0.920193437062664,-0.468859478425729
130,2,3,0.014617056865741,-0.409771247075564,-0.195779473995372
130,3,3,0.014617056865741,0.143316992860131,3.35793046974238
130,4,3,0.014617056865741,1.16344796814541,2.90092316112646
130,5,3,0.014617056865741,1.92474818134048,7.05539446585689
130,6,3,0.014617056865741,1.23561893888835,7.4371222065699
131,1,3,0.438622701805894,1.00256898424452,0.535588551592362
131,2,3,0.438622701805894,0.891298196316596,-0.51181417381938
131,3,3,0.438622701805894,1.09060025694346,2.97164644917054
131,4,3,0.438622701805894,1.34453810826578,2.25079123994776
131,5,3,0.438622701805894,1.40699884669438,3.59911808574875
131,6,3,0.438622701805894,0.939875156111874,7.29199956126919
132,1,3,-1.76243810418353,-1.55642713172473,-0.805043158381241
132,2,3,-1.76243810418353,-0.391682064940616,-2.0263867595638
132,3,3,-1.76243810418353,-0.666139512388104,-1.05765094965184
132,4,3,-1.76243810418353,0.0238185660916042,0.817677818881005
132,5,3,-1.76243810418353,0.400946115070112,2.91380467653736
132,6,3,-1.76243810418353,0.913005144984613,2.69049089180893
133,1,3,1.36534824167319,0.763831528913434,0.577023159081942
133,2,3,1.36534824167319,0.844309096416079,0.042038282212332
133,3,3,1.36534824167319,0.947415268176042,2.18378635404389
133,4,3,1.36534824167319,1.43995238461224,4.92965591378078
133,5,3,1.36534824167319,2.89808347087941,8.12380754151815
133,6,3,1.36534824167319,1.10219087008148,9.40004516409809
134,1,3,1.29446825743501,0.608144869107727,1.08618105043624
134,2,3,1.29446825743501,1.41973826830158,2.32331581819127
134,3,3,1.29446825743501,1.51878532055069,3.65140165693938
134,4,3,1.29446825743501,1.69646592321119,5.36297031018112
134,5,3,1.29446825743501,1.56911161772488,8.48595978983258
134,6,3,1.29446825743501,1.90002513778021,9.35068411797129
135,1,3,-0.178549336156913,0.151158553945093,0.828144325264999
135,2,3,-0.178549336156913,-0.471060546327792,3.9089119030933
135,3,3,-0.178549336156913,0.103993512674667,6.07766753358876
135,4,3,-0.178549336156913,1.08664644183412,5.71413666854425
135,5,3,-0.178549336156913,1.68404926041005,5.99317910927949
135,6,3,-0.178549336156913,0.577078077823259,9.483960218053
136,1,3,-1.07692090882478,-0.401929333738954,1.04747553448351
136,2,3,-1.07692090882478,-0.545038593804227,0.890555345254023
136,3,3,-1.07692090882478,0.508562503370516,0.983523883778991
136,4,3,-1.07692090882478,0.00140170282829649,2.45797787912278
136,5,3,-1.07692090882478,0.13965802945591,4.85004362804588
136,6,3,-1.07692090882478,0.935084069218439,5.46362892185911
137,1,3,0.728454193443001,-0.0114977260864277,0.974364596857209
137,2,3,0.728454193443001,0.7135343982297,0.67155879830354
137,3,3,0.728454193443001,0.655179531278547,2.90146090914518
137,4,3,0.728454193443001,1.38622403146752,5.33426163164905
137,5,3,0.728454193443001,1.12156269309693,7.6727252728244
137,6,3,0.728454193443001,1.15693441030068,8.86462680988762
138,1,3,-1.46938141572406,-0.0883249129282256,0.722072099170389
138,2,3,-1.46938141572406,-0.142449306634193,0.823877896167457
138,3,3,-1.46938141572406,-0.0298040848424808,2.30322550088994
138,4,3,-1.46938141572406,-0.322736256121953,2.31264370539726
138,5,3,-1.46938141572406,0.124282773210025,6.14394845899594
138,6,3,-1.46938141572406,1.1023978140493,5.08916101818471
139,1,3,-0.549298690203426,0.301171733824676,-0.227928347441122
139,2,3,-0.549298690203426,0.402237345797786,-0.737524166727403
139,3,3,-0.549298690203426,0.683518954814073,-1.0638203854028
139,4,3,-0.549298690203426,0.403594704560704,2.16485431597404
139,5,3,-0.549298690203426,0.55999493763121,4.51625222775326
139,6,3,-0.549298690203426,1.06915987676031,4.39776263951282
140,1,3,-1.07513120640263,-0.218917779907026,0.741651877086614
140,2,3,-1.07513120640263,-0.412691091490353,-0.171855503087313
140,3,3,-1.07513120640263,0.367202949190019,0.58558380183808
140,4,3,-1.07513120640263,1.24324583274143,2.70757401857652
140,5,3,-1.07513120640263,0.424084621174276,1.96616566887664
140,6,3,-1.07513120640263,0.534559115396839,4.59790385921341
141,1,3,0.589903379971464,0.518152792811317,0.532857161426118
141,2,3,0.589903379971464,1.74119554926273,0.583690811233439
141,3,3,0.589903379971464,1.14384744906574,1.11047142482919
141,4,3,0.589903379971464,1.43423263831571,5.00913061015248
141,5,3,0.589903379971464,1.74498549823101,6.56368416729218
141,6,3,0.589903379971464,1.67289590250084,9.02370809506211
142,1,3,0.657929099074857,-0.527630501829893,2.23509371293706
142,2,3,0.657929099074857,0.790313265176156,3.28376796139343
142,3,3,0.657929099074857,1.30011710750872,1.89310004655243
142,4,3,0.657929099074857,1.27724881504038,5.63969392962316
142,5,3,0.657929099074857,0.767272841138719,6.94525677505373
142,6,3,0.657929099074857,2.32556023319219,9.74629505340234
143,1,3,0.918209578132046,0.389990741964451,1.73002264959394
143,2,3,0.918209578132046,0.324124967116553,2.51685777627825
143,3,3,0.918209578132046,0.864710010354607,4.10998227389613
143,4,3,0.918209578132046,0.721106454137181,5.74373385047243
143,5,3,0.918209578132046,2.35220290569798,6.31425548414344
143,6,3,0.918209578132046,1.06086818047735,9.11988048390896
144,1,3,1.03723233079857,0.780710632652874,0.212208576948754
144,2,3,1.03723233079857,1.05604424585774,-0.667835264144556
144,3,3,1.03723233079857,0.452858041598415,2.84834674243207
144,4,3,1.03723233079857,1.974918457812,5.49179716277523
144,5,3,1.03723233079857,1.04103576092729,6.15510734290007
144,6,3,1.03723233079857,2.13124097931571,10.0580109007073
145,1,3,0.432864420882128,0.0546511643881509,2.06577211453651
145,2,3,0.432864420882128,0.542564453524272,0.826589014872826
145,3,3,0.432864420882128,-0.102986095234928,3.30224330441748
145,4,3,0.432864420882128,0.818817860108457,5.56089893194988
145,5,3,0.432864420882128,0.961458251664878,7.7240973086671
145,6,3,0.432864420882128,1.27895634770374,8.02085741371424
146,1,3,0.494887951274981,0.906621933718628,1.35833730554146
146,2,3,0.494887951274981,0.609584098447873,1.50672641372537
146,3,3,0.494887951274981,1.66806988803927,2.68420111093815
146,4,3,0.494887951274981,1.17243386474274,5.77226847745143
146,5,3,0.494887951274981,1.7367792550661,6.86343483473947
146,6,3,0.494887951274981,1.32962006663717,7.39856300627146
147,1,3,0.337514991797093,0.714474564182813,3.77502417711785
147,2,3,0.337514991797093,-0.120717345754449,2.39855290111283
147,3,3,0.337514991797093,0.979181408407107,3.3951013798209
147,4,3,0.337514991797093,0.765822372463936,4.51187239398326
147,5,3,0.337514991797093,1.1636592509228,7.32871256559361
147,6,3,0.337514991797093,1.69073725736773,7.89889121515618
148,1,3,0.940914420491235,0.32599988959407,-2.68432419188846
148,2,3,0.940914420491235,0.902667702594575,-0.502223665400725
148,3,3,0.940914420491235,1.79711547389592,2.72616983157362
148,4,3,0.940914420491235,1.89564536968462,3.39439552886371
148,5,3,0.940914420491235,1.86546638275212,4.46411002977733
148,6,3,0.940914420491235,1.85126607219131,5.8921851033331
149,1,3,0.457967792328404,0.378698935479082,4.12572103429067
149,2,3,0.457967792328404,0.625145122806749,4.12170173700891
149,3,3,0.457967792328404,0.657407339867929,5.67039906683291
149,4,3,0.457967792328404,0.894496831842379,8.9524316705688
149,5,3,0.457967792328404,1.27815558368229,9.34940165660425
149,6,3,0.457967792328404,1.21757039960575,9.72894783793935
150,1,3,1.28822951042595,0.929280238078882,-0.681541858459146
150,2,3,1.28822951042595,0.37556044800664,-2.14029291717815
150,3,3,1.28822951042595,0.955960970286821,1.49994481205458
150,4,3,1.28822951042595,0.666797039509379,3.18273482219049
150,5,3,1.28822951042595,1.93863479694882,6.10370652383497
150,6,3,1.28822951042595,1.3261231323096,5.09851390581681
151,1,3,0.799327933544311,0.752383684129809,0.998835172417796
151,2,3,0.799327933544311,1.48794166496513,2.50739666840068
151,3,3,0.799327933544311,0.636647413978102,3.39248141555062
151,4,3,0.799327933544311,0.43183050965539,6.2241784706405
151,5,3,0.799327933544311,1.60186143581385,6.57526813277581
151,6,3,0.799327933544311,1.48009902563213,9.68047322868392
152,1,3,0.641075436191527,0.410381761209829,0.181288378872355
152,2,3,0.641075436191527,0.833387068122976,0.440335510368963
152,3,3,0.641075436191527,1.02324616435653,1.92203052266619
152,4,3,0.641075436191527,1.77222798638308,3.95065028029737
152,5,3,0.641075436191527,1.50187251866824,2.58165781357217
152,6,3,0.641075436191527,0.913951107889827,6.90369945886804
153,1,3,0.647106275420512,-0.237400237086652,-2.02164808965544
153,2,3,0.647106275420512,0.257978734055656,0.228139264140656
153,3,3,0.647106275420512,1.75480644001202,-0.169015192170175
153,4,3,0.647106275420512,0.41350545765392,3.79498507213573
153,5,3,0.647106275420512,1.07445417959469,4.38245420741927
153,6,3,0.647106275420512,0.98341038645438,6.61511100339346
154,1,3,1.04666451517136,0.341354827336876,3.42913227448808
154,2,3,1.04666451517136,0.672471846348521,0.616635516261048
154,3,3,1.04666451517136,1.27811698735899,2.7748662991019
154,4,3,1.04666451517136,1.48649127087623,6.01209090483621
154,5,3,1.04666451517136,1.61543543912908,7.37520919143932
154,6,3,1.04666451517136,2.02536607455159,9.48209414318584
155,1,3,0.576975845608666,0.0914320774480271,0.722851227802534
155,2,3,0.576975845608666,0.108522327794117,1.6890512266516
155,3,3,0.576975845608666,0.259628061168946,2.58597206970974
155,4,3,0.576975845608666,1.01811928925711,6.21498745277975
155,5,3,0.576975845608666,0.719060589759526,7.07453482145899
155,6,3,0.576975845608666,1.92334185803099,10.009696002852
156,1,3,0.17037629608571,0.784349410920146,2.11235841463052
156,2,3,0.17037629608571,0.214232082289887,-0.697328657084354
156,3,3,0.17037629608571,1.25013551445887,3.29808927709344
156,4,3,0.17037629608571,1.7086115578765,4.77325299010961
156,5,3,0.17037629608571,1.11415545041536,5.70327263182313
156,6,3,0.17037629608571,0.847156272453002,6.739097993206
157,1,3,0.396115427083706,0.923645518828156,0.864477515155358
157,2,3,0.396115427083706,0.648033309117745,3.31731508957503
157,3,3,0.396115427083706,1.14817613766954,3.60719373954189
157,4,3,0.396115427083706,0.420299068553708,5.09071471525354
157,5,3,0.396115427083706,1.14833117298122,6.75113263123557
157,6,3,0.396115427083706,1.07770858221266,8.92370742505083
158,1,3,-0.38503981699399,0.249091044450303,-0.455481254742036
158,2,3,-0.38503981699399,0.652965111326567,0.513194049834224
158,3,3,-0.38503981699399,-0.203526544921249,3.97850435486181
158,4,3,-0.38503981699399,0.178102153152252,3.50022698865287
158,5,3,-0.38503981699399,0.238824839896899,5.90492745057116
158,6,3,-0.38503981699399,1.41010656792478,6.139197871099
159,1,3,-0.606966899370249,-0.235070624391252,1.67459208020634
159,2,3,-0.606966899370249,0.397058569815924,-0.983876672431654
159,3,3,-0.606966899370249,-0.0987236791816803,2.11597559238572
159,4,3,-0.606966899370249,0.0175133414764335,4.93858440091871
159,5,3,-0.606966899370249,1.07180450901133,6.65025467972839
159,6,3,-0.606966899370249,1.03878178919866,4.64039122565767
160,1,3,0.183609061947842,0.922644868366452,1.06263247541716
160,2,3,0.183609061947842,-0.521822880184819,3.84919810086592
160,3,3,0.183609061947842,1.26182116417092,2.87398711588164
160,4,3,0.183609061947842,1.1296518783099,4.97402442219597
160,5,3,0.183609061947842,1.16806292711789,6.59628616328911
160,6,3,0.183609061947842,1.54910874984912,7.78160398847949
161,1,3,-1.5739802437226,-0.738750875893334,0.646798997035059
161,2,3,-1.5739802437226,-0.817190355326895,-0.199794544446061
161,3,3,-1.5739802437226,0.00978813383769062,1.53768978518043
161,4,3,-1.5739802437226,-0.0692027187562883,4.22559029952303
161,5,3,-1.5739802437226,-0.321648430686517,2.49489898430561
161,6,3,-1.5739802437226,1.80291081637126,2.97534946673223
162,1,3,-1.5135182536791,-1.21415498016749,1.08344375432323
162,2,3,-1.5135182536791,0.00862446836171632,0.366096436545889
162,3,3,-1.5135182536791,-0.580560672020834,0.386396282908581
162,4,3,-1.5135182536791,0.284802496374087,2.65431055942517
162,5,3,-1.5135182536791,0.481985729465867,4.08004569199787
162,6,3,-1.5135182536791,-0.164457779819998,5.44486509744182
163,1,3,0.17709443103689,0.282609663048505,1.2187601244373
163,2,3,0.17709443103689,0.411582509889598,3.46647644603637
163,3,3,0.17709443103689,0.847495649227131,6.24284448978847
163,4,3,0.17709443103689,1.00780264364244,6.26054223704011
163,5,3,0.17709443103689,0.567458999918712,6.75896719170673
163,6,3,0.17709443103689,1.73124741621038,8.55153680922603
164,1,3,0.403250756295859,0.492850083886365,2.48897701813397
164,2,3,0.403250756295859,0.540083950359147,2.10861656799587
164,3,3,0.403250756295859,0.731550492755462,5.78483021182663
164,4,3,0.403250756295859,0.458474142754207,6.25304959523288
164,5,3,0.403250756295859,1.4995702617515,7.24373626356283
164,6,3,0.403250756295859,0.984707497276815,8.31693696597542
165,1,3,-1.75890966008881,-0.492384152667725,-3.0165269004572
165,2,3,-1.75890966008881,-0.114806693432703,1.51062699564072
165,3,3,-1.75890966008881,-0.48595164161601,-1.00828460304626
165,4,3,-1.75890966008881,0.617535901530216,3.78881684855537
165,5,3,-1.75890966008881,-0.477578070519953,4.53617118871654
165,6,3,-1.75890966008881,0.0165545486318738,2.41304871152758
166,1,3,0.550444344652174,0.720896381917308,-0.0902337840097769
166,2,3,0.550444344652174,1.07643595531667,1.67174317972133
166,3,3,0.550444344652174,1.23330497683997,3.30095700316899
166,4,3,0.550444344652174,0.239620344875785,5.01348139892779
166,5,3,0.550444344652174,0.572685885770811,5.04458155047439
166,6,3,0.550444344652174,1.90034510518233,8.66633628083652
167,1,3,-0.177518472281448,0.559127011742701,-2.84585414560063
167,2,3,-0.177518472281448,0.671231625413232,0.97648769056059
167,3,3,-0.177518472281448,0.596607991549095,0.67623314360395
167,4,3,-0.177518472281448,0.28242453789717,2.26063148836001
167,5,3,-0.177518472281448,0.772759320165847,4.26137543656067
167,6,3,-0.177518472281448,0.0529782047803846,4.03342527507047
168,1,3,-0.283378689715887,0.56880477901632,0.566393501073422
168,2,3,-0.283378689715887,0.687228894918578,1.33767774653906
168,3,3,-0.283378689715887,0.716981777257136,3.20528354672777
168,4,3,-0.283378689715887,0.589459989413421,4.6418581200693
168,5,3,-0.283378689715887,0.896581550535394,5.35234524586164
168,6,3,-0.283378689715887,1.16641332038933,5.89859615929218
169,1,3,0.0949255069380952,-0.138844826813786,0.880456211503483
169,2,3,0.0949255069380952,0.899054228996397,1.70093245545876
169,3,3,0.0949255069380952,0.375520297802488,2.34651154150143
169,4,3,0.0949255069380952,0.765847242429938,7.0065917773773
169,5,3,0.0949255069380952,0.770509647956809,4.98968023938993
169,6,3,0.0949255069380952,1.34483793919838,6.9101710957784
170,1,3,0.109708934474219,0.386120730420973,2.85160717995104
170,2,3,0.109708934474219,0.407879747082585,1.33752020856814
170,3,3,0.109708934474219,0.637178862432442,4.20098703126136
170,4,3,0.109708934474219,0.207565281405001,4.77374671451531
170,5,3,0.109708934474219,1.85419902965847,6.3939200558063
170,6,3,0.109708934474219,1.61088867029117,6.59919416619873
171,1,3,-1.02075201769416,-0.356310807707324,1.02592651163283
171,2,3,-1.02075201769416,0.0424193927151826,0.741657135044775
171,3,3,-1.02075201769416,0.0317264399471442,1.71370818238931
171,4,3,-1.02075201769416,0.467235778780831,5.47811263281214
171,5,3,-1.02075201769416,0.0791128775261391,4.12329110395588
171,6,3,-1.02075201769416,0.895303915215752,5.00292845449822
172,1,3,-0.214471204357173,-0.727646095799363,1.35131925370431
172,2,3,-0.214471204357173,0.210944497892413,2.37175026318938
172,3,3,-0.214471204357173,0.570841146082983,3.65951143912713
172,4,3,-0.214471204357173,0.461650424820328,6.3022531708993
172,5,3,-0.214471204357173,0.342228491003671,8.22419778472385
172,6,3,-0.214471204357173,1.28117396857179,7.84810036822843
173,1,3,0.95312723300276,0.587136635676131,2.27117731500969
173,2,3,0.95312723300276,0.467985411032795,2.69182871995691
173,3,3,0.95312723300276,0.768091000867892,6.44965476196657
173,4,3,0.95312723300276,1.53518612893103,6.20379049823067
173,5,3,0.95312723300276,0.734032956366248,8.37840205107447
173,6,3,0.95312723300276,0.880826456225791,10.6071742329299
174,1,3,-0.299503059426975,-0.0143918053073009,0.165378654819905
174,2,3,-0.299503059426975,0.351702004390223,1.14652818851001
174,3,3,-0.299503059426975,1.35443661771852,1.34930878825417
174,4,3,-0.299503059426975,0.641451213769214,2.97573642323419
174,5,3,-0.299503059426975,0.792151951680742,3.2784114112508
174,6,3,-0.299503059426975,0.559389848134574,7.10103746423127
175,1,3,-1.35656841055337,-0.68822256639622,1.09383253065236
175,2,3,-1.35656841055337,0.165950349733725,2.32705481637459
175,3,3,-1.35656841055337,-0.0394690022428881,1.58889766941899
175,4,3,-1.35656841055337,-0.304479039922878,0.857436014714444
175,5,3,-1.35656841055337,1.07142210914254,2.26750720166773
175,6,3,-1.35656841055337,1.22342980686212,3.62877035996801
176,1,3,-0.722906834501834,0.163769122541646,-0.632232933093176
176,2,3,-0.722906834501834,0.0157880302844722,0.938801879860888
176,3,3,-0.722906834501834,0.317548010285299,3.67834365574177
176,4,3,-0.722906834501834,0.320655034651504,2.99198807090912
176,5,3,-0.722906834501834,1.20799091004943,3.5296721551273
176,6,3,-0.722906834501834,1.4715576177269,3.80599815112298
177,1,3,-0.873027113678424,-0.134710889146149,1.20554182330847
177,2,3,-0.873027113678424,-0.343203700912485,1.08472943367274
177,3,3,-0.873027113678424,0.68383414113027,4.85152313687422
177,4,3,-0.873027113678424,-0.0307043288901434,4.54226192906532
177,5,3,-0.873027113678424,0.476565413251091,8.21586862915938
177,6,3,-0.873027113678424,0.692592828471272,7.78871269859934
178,1,3,0.04325400319841,0.483812986689953,2.23748077948003
178,2,3,0.04325400319841,0.124723740750307,0.0257740658283268
178,3,3,0.04325400319841,-0.0236415679346836,2.07893121569823
178,4,3,0.04325400319841,0.38645207413081,4.73747920429682
178,5,3,0.04325400319841,0.911079572477391,6.13334250277362
178,6,3,0.04325400319841,1.56328403641471,5.10634606436181
179,1,3,-0.705597138651361,-0.203512657961043,0.0705300276670152
179,2,3,-0.705597138651361,-0.500641996603977,1.80939716425173
179,3,3,-0.705597138651361,0.443055984083823,1.22782580215329
179,4,3,-0.705597138651361,0.785627941108739,3.54952364932024
179,5,3,-0.705597138651361,0.370592747588609,5.44620669723755
179,6,3,-0.705597138651361,0.784335634233162,6.91807435557
180,1,3,2.06398866391933,1.05930399943233,-0.00767017810784587
180,2,3,2.06398866391933,0.974937384643123,1.3889518162926
180,3,3,2.06398866391933,1.67488127697509,4.941828354601
180,4,3,2.06398866391933,1.54166970733265,6.37226663940419
180,5,3,2.06398866391933,1.55908201581147,7.63019049127558
180,6,3,2.06398866391933,3.13182760994635,11.0824508424514
181,1,3,0.360194044770426,0.137219648791359,-0.120984723180791
181,2,3,0.360194044770426,0.38551064785073,1.30910385832044
181,3,3,0.360194044770426,0.414240176764444,2.40758725231587
181,4,3,0.360194044770426,1.03798805335224,4.04969508727083
181,5,3,0.360194044770426,1.26482943472362,7.05018989645842
181,6,3,0.360194044770426,0.674817592128119,8.06113032044475
182,1,3,-1.68147033404543,-0.529992351263284,-0.468300262616531
182,2,3,-1.68147033404543,-0.361074846598351,-0.82128675411022
182,3,3,-1.68147033404543,0.193761651635151,2.11230702234137
182,4,3,-1.68147033404543,0.217264661905855,1.47293064025627
182,5,3,-1.68147033404543,-0.887821017937981,2.24634296880867
182,6,3,-1.68147033404543,0.741792955070734,3.71110597293242
183,1,3,-0.196778992696935,-0.646729030890644,-1.00205754402073
183,2,3,-0.196778992696935,0.0139864871831406,0.953921068284142
183,3,3,-0.196778992696935,0.0795937312953826,0.860583458955781
183,4,3,-0.196778992696935,0.837209243653747,4.51956682189724
183,5,3,-0.196778992696935,0.601170803412534,4.97723339242763
183,6,3,-0.196778992696935,1.47422885794644,5.32121969953623
184,1,3,0.730421144749429,-0.139311224235713,0.171081394747952
184,2,3,0.730421144749429,1.53996280134507,1.94344486906202
184,3,3,0.730421144749429,0.782149116082784,3.23383839820865
184,4,3,0.730421144749429,0.609823463790785,2.62356551558351
184,5,3,0.730421144749429,1.89101976789857,6.35341741228886
184,6,3,0.730421144749429,1.72754545713741,7.05230497645335
185,1,3,-0.0863000134300777,0.953213880450527,0.0349463777858372
185,2,3,-0.0863000134300777,0.24448596475191,0.745217744798797
185,3,3,-0.0863000134300777,0.817473988609581,3.84902626581413
185,4,3,-0.0863000134300777,0.341876847218706,3.75460775000166
185,5,3,-0.0863000134300777,0.648765871009181,5.82819842016675
185,6,3,-0.0863000134300777,1.0361709300895,6.16150290917458
186,1,3,0.506421572168642,0.367175153198149,-0.150215409953131
186,2,3,0.506421572168642,0.567547043778752,1.16468293926085
186,3,3,0.506421572168642,0.622465315259915,2.3988406787079
186,4,3,0.506421572168642,0.394663508169827,6.48536024802799
186,5,3,0.506421572168642,0.884648088357487,5.87931879381252
186,6,3,0.506421572168642,1.2150386952591,7.23309433364219
187,1,3,0.241411363100991,0.926007128421722,0.230728131241308
187,2,3,0.241411363100991,0.613940209317918,0.0577344374340867
187,3,3,0.241411363100991,1.98051616149487,2.11188576701728
187,4,3,0.241411363100991,-0.0482207260230793,1.6364886842494
187,5,3,0.241411363100991,1.13745180089868,3.05389500156471
187,6,3,0.241411363100991,1.43270154624331,4.83798493222586
188,1,3,-0.291937535972332,-0.432249249948712,-3.09229985520743
188,2,3,-0.291937535972332,0.267479708595359,-1.57889714548199
188,3,3,-0.291937535972332,0.415797657047746,0.287257962183195
188,4,3,-0.291937535972332,-0.473326451583243,1.62858283902274
188,5,3,-0.291937535972332,0.250647366273356,1.21906452860634
188,6,3,-0.291937535972332,1.39466252891878,4.89754797997687
189,1,3,-1.42673622400026,0.0874786130907167,-0.492174801618482
189,2,3,-1.42673622400026,-0.360288142109093,-0.590640207208217
189,3,3,-1.42673622400026,-0.00295717580758077,0.594372840951305
189,4,3,-1.42673622400026,0.250174512466053,4.34575202958559
189,5,3,-1.42673622400026,0.331734399880543,2.33611571216873
189,6,3,-1.42673622400026,0.496807974220238,4.54737715581265
190,1,3,-0.2115984836605,0.60223614723348,0.833538926670778
190,2,3,-0.2115984836605,-0.731387152145866,2.22483251339626
190,3,3,-0.2115984836605,1.278125494643,2.18564298307356
190,4,3,-0.2115984836605,0.78864245668234,5.51233312764889
190,5,3,-0.2115984836605,1.26236600590622,6.24849207856658
190,6,3,-0.2115984836605,1.05785986019084,8.69015711295789
191,1,5,0.983592225005866,0.685269042736118,1.38335066496562
191,2,5,0.983592225005866,0.544502809451078,2.63622648994195
191,3,5,0.983592225005866,1.27722602650698,1.7975669580347
191,4,5,0.983592225005866,0.921971281461675,4.00241556657792
191,5,5,0.983592225005866,1.16159622356324,3.40768352363552
191,6,5,0.983592225005866,1.87368858096347,6.01936776577239
192,1,5,-0.283157026746315,0.0104512285659374,1.27997348572735
192,2,5,-0.283157026746315,-0.0834672788684822,-1.10599779071778
192,3,5,-0.283157026746315,-0.232655886244044,-0.454134990455851
192,4,5,-0.283157026746315,0.723728064985206,1.68155470824088
192,5,5,-0.283157026746315,1.6857236853256,1.87155358218702
192,6,5,-0.283157026746315,1.44827549669874,5.95064220847003
193,1,5,0.00523970150119662,0.276436364797033,-1.93364739079216
193,2,5,0.00523970150119662,-0.286764607187908,-1.76658683663304
193,3,5,0.00523970150119662,0.830021732791269,-1.31917039846352
193,4,5,0.00523970150119662,0.0683583315476364,-0.585846233099063
193,5,5,0.00523970150119662,1.41795184080921,1.07536146125153
193,6,5,0.00523970150119662,0.820462889803177,4.78603679649615
194,1,5,0.92545213318825,1.31461163819231,2.92951584215972
194,2,5,0.92545213318825,1.90310839616577,0.226299788014934
194,3,5,0.92545213318825,1.87138107688812,3.63924728317667
194,4,5,0.92545213318825,1.47734438773685,4.09859230112481
194,5,5,0.92545213318825,1.61762449653127,5.5875297297966
194,6,5,0.92545213318825,1.53505759071181,5.73026764736178
195,1,5,-0.635670393667737,0.92906119673608,0.727083910123489
195,2,5,-0.635670393667737,0.945527892927173,1.89213182433102
195,3,5,-0.635670393667737,-0.0488719634014442,2.509396606672
195,4,5,-0.635670393667737,0.589292270566448,1.32663557253803
195,5,5,-0.635670393667737,0.481316722409301,3.19923450497982
195,6,5,-0.635670393667737,1.08897508741881,4.12014467427658
196,1,5,1.15670868958139,0.524265461334005,1.14361307382569
196,2,5,1.15670868958139,1.09018652226291,1.7777630785721
196,3,5,1.15670868958139,1.17365751121989,2.80845429477206
196,4,5,1.15670868958139,0.519026773875079,4.76364255763518
196,5,5,1.15670868958139,1.52994359394921,4.67118251896483
196,6,5,1.15670868958139,1.00861805373324,7.97521550687341
197,1,5,1.78969021425029,0.4434355361539,1.75105876560352
197,2,5,1.78969021425029,2.26138915469364,3.18412757427007
197,3,5,1.78969021425029,2.03441329772634,4.87704223939755
197,4,5,1.78969021425029,2.19733416987764,5.07213816231237
197,5,5,1.78969021425029,1.86882625281979,7.36445273426155
197,6,5,1.78969021425029,0.869774157574492,7.89045853098738
198,1,5,-0.149019232380438,0.906656488536891,0.617582157062771
198,2,5,-0.149019232380438,-0.303441296388933,1.74706459113415
198,3,5,-0.149019232380438,-0.0386216673435962,1.41188339797885
198,4,5,-0.149019232380438,0.227646993112056,2.47893997311591
198,5,5,-0.149019232380438,1.44183369734344,3.68740351555302
198,6,5,-0.149019232380438,0.337064359767777,4.93171424134225
199,1,5,-0.261067529046921,1.10193513549883,4.07397809127892
199,2,5,-0.261067529046921,0.831821005947784,2.64115271413386
199,3,5,-0.261067529046921,1.0507459873153,2.5984635365937
199,4,5,-0.261067529046921,0.954457862577376,3.15005778434285
199,5,5,-0.261067529046921,0.726355188233059,6.09140004175636
199,6,5,-0.261067529046921,0.925631026478668,6.26570200917389
200,1,5,-0.279422558021935,-1.14039912066845,-3.71994209961769
200,2,5,-0.279422558021935,-1.06989083106309,-1.03919624114515
200,3,5,-0.279422558021935,1.36983043403129,-0.00638631184268384
200,4,5,-0.279422558021935,1.08189923332103,0.228665527854604
200,5,5,-0.279422558021935,0.902665178547284,2.26697554552666
200,6,5,-0.279422558021935,0.731355545786545,6.36441088594964
201,1,5,-0.867508001059406,-0.233675811236789,-1.49758007707428
201,2,5,-0.867508001059406,-0.550883931428525,0.374386856211282
201,3,5,-0.867508001059406,0.0857728512645791,0.0294364273898407
201,4,5,-0.867508001059406,-0.232389250145715,1.42191855779375
201,5,5,-0.867508001059406,1.33590509096511,2.55688670984156
201,6,5,-0.867508001059406,0.534449929648672,1.42124688873966
202,1,5,-0.266028106354418,-0.128148387025209,0.975074215504778
202,2,5,-0.266028106354418,0.446467815751043,-0.0510663436929477
202,3,5,-0.266028106354418,0.0897105442552565,1.67391335328299
202,4,5,-0.266028106354418,0.268223994946335,2.19974815286627
202,5,5,-0.266028106354418,0.298937620984014,3.08651582214762
202,6,5,-0.266028106354418,1.19175101086346,5.35184933489553
203,1,5,0.0257161972054362,-0.00777182454554659,0.887316769481998
203,2,5,0.0257161972054362,0.195171140233948,-2.34645529619854
203,3,5,0.0257161972054362,0.943185858944576,-0.886172854562971
203,4,5,0.0257161972054362,0.97297438051478,0.999551256331918
203,5,5,0.0257161972054362,1.5413637280623,1.46967773439603
203,6,5,0.0257161972054362,1.09237538286599,4.74829328190536
204,1,5,0.116551434634878,0.778053422766819,0.923901269733919
204,2,5,0.116551434634878,0.283905891981172,0.912512995323872
204,3,5,0.116551434634878,0.939725254375677,1.49793081521857
204,4,5,0.116551434634878,-0.105034571045226,1.4170606846868
204,5,5,0.116551434634878,0.0742100832343512,2.88003343428499
204,6,5,0.116551434634878,2.19181543302645,4.89563372429911
205,1,5,-0.553125937781561,0.0859988450814071,-0.126962865847536
205,2,5,-0.553125937781561,-0.113794244285939,1.04790901416167
205,3,5,-0.553125937781561,1.50265709885282,-0.0121647533712959
205,4,5,-0.553125937781561,0.753642118076197,-1.87801353698332
205,5,5,-0.553125937781561,0.798974629882657,1.81444078247793
205,6,5,-0.553125937781561,1.22940991518573,2.72413883940338
206,1,5,0.756255260174997,1.37286170808534,-0.0618669650195494
206,2,5,0.756255260174997,0.0270268243862444,3.87004440747301
206,3,5,0.756255260174997,0.100304660700929,2.62002685969236
206,4,5,0.756255260174997,1.50297292169296,2.10325982384873
206,5,5,0.756255260174997,1.47481298806093,5.08851039988119
206,6,5,0.756255260174997,1.49517633071853,5.329207300942
207,1,5,0.402919292696054,0.448184026029819,1.6851353088623
207,2,5,0.402919292696054,-0.309345001830238,-0.0480430976597863
207,3,5,0.402919292696054,1.22136648402251,1.95683410550332
207,4,5,0.402919292696054,1.38816029165409,1.56554848066498
207,5,5,0.402919292696054,1.12448389959517,4.80323957292905
207,6,5,0.402919292696054,0.670591444723001,7.61710463034625
208,1,5,-0.269406763993592,0.206667648141733,2.22207660012001
208,2,5,-0.269406763993592,0.0288576177863964,1.86463949430405
208,3,5,-0.269406763993592,1.3635139605955,2.09011945100763
208,4,5,-0.269406763993592,1.17538271934532,1.67784711763015
208,5,5,-0.269406763993592,0.615716880287763,4.45742510031184
208,6,5,-0.269406763993592,0.974785266523716,3.3847857749142
209,1,5,1.37322747966558,1.51005515038624,-1.95142063469521
209,2,5,1.37322747966558,0.66548558946035,-0.00933320143897454
209,3,5,1.37322747966558,0.368067356457127,1.92149373004633
209,4,5,1.37322747966558,2.2044979582161,2.22552051395123
209,5,5,1.37322747966558,1.32532189498429,4.42699163117127
209,6,5,1.37322747966558,2.29794574303181,6.54842437979203
210,1,5,-1.21546340892904,-1.09510776302794,2.16313335716541
210,2,5,-1.21546340892904,-0.0869249651887154,-0.113012776498633
210,3,5,-1.21546340892904,-0.279230661394171,1.56240828061579
210,4,5,-1.21546340892904,-0.049521274309301,4.51715372142149
210,5,5,-1.21546340892904,0.00657525039390539,2.86563277524601
210,6,5,-1.21546340892904,-0.0645347156398759,2.47481350145028
211,1,5,-0.0701117965547371,-0.715929786867697,0.0255299412037402
211,2,5,-0.0701117965547371,1.36168105909399,0.998667609709119
211,3,5,-0.0701117965547371,-0.135807675651325,1.56559791547375
211,4,5,-0.0701117965547371,1.51851847154815,1.02220638575337
211,5,5,-0.0701117965547371,0.165993948214305,4.03246492986913
211,6,5,-0.0701117965547371,0.959425763838153,3.69187032029544
212,1,5,1.52424799429573,0.754050279225861,1.82652570977404
212,2,5,1.52424799429573,1.36008329509545,1.87592392729932
212,3,5,1.52424799429573,1.75505071496496,4.67880928526713
212,4,5,1.52424799429573,1.22602677201853,6.36476797191923
212,5,5,1.52424799429573,1.44265784000527,6.45907084431469
212,6,5,1.52424799429573,1.81542507698388,8.88774350019465
213,1,5,-1.13898322177537,-0.704850530259102,0.989954312743611
213,2,5,-1.13898322177537,0.269910398419923,2.64079703302344
213,3,5,-1.13898322177537,-0.30661493225157,0.234400241959169
213,4,5,-1.13898322177537,0.173200709565968,0.115256042285581
213,5,5,-1.13898322177537,-0.174767967493852,2.37243004034063
213,6,5,-1.13898322177537,0.062705181813378,3.15196239199807
214,1,5,0.0136635721568709,0.281286858491064,0.308737894502187
214,2,5,0.0136635721568709,0.709632912619912,2.86447518064835
214,3,5,0.0136635721568709,0.885759818762133,1.60433385861157
214,4,5,0.0136635721568709,0.508252732894141,2.9767702147517
214,5,5,0.0136635721568709,0.995181587793084,4.04309942636804
214,6,5,0.0136635721568709,0.952559089661326,4.772002205928
215,1,5,-0.524976137743338,-0.608745128024079,-0.623987422658077
215,2,5,-0.524976137743338,0.0441390976086862,0.3386677182339
215,3,5,-0.524976137743338,1.013040638404,0.859440864419736
215,4,5,-0.524976137743338,0.368850033899774,-0.818130100579811
215,5,5,-0.524976137743338,1.28996274747004,0.747054019336613
215,6,5,-0.524976137743338,0.521169572898015,1.66670573365348
216,1,5,0.528119708420632,0.651477084437435,-0.227441920101093
216,2,5,0.528119708420632,0.581493185777966,0.0857339576458841
216,3,5,0.528119708420632,1.74913980629871,0.254230180328475
216,4,5,0.528119708420632,0.897716621442405,2.42565796191354
216,5,5,0.528119708420632,1.71655243592702,2.22339067686188
216,6,5,0.528119708420632,1.34115667416258,4.07122551146554
217,1,5,-0.278139356660236,-0.432553538863004,-0.781011633085371
217,2,5,-0.278139356660236,0.422378930946401,-0.567678688198085
217,3,5,-0.278139356660236,0.562491377327001,-0.965369032587661
217,4,5,-0.278139356660236,0.500297950693926,0.934629473125308
217,5,5,-0.278139356660236,1.31421861315264,0.758231973389853
217,6,5,-0.278139356660236,1.35139823865584,2.03912728069027
218,1,5,0.49043594073852,0.321110560676538,0.510384585688465
218,2,5,0.49043594073852,0.706729675579629,-1.04299998018294
218,3,5,0.49043594073852,0.880495568887448,1.15469874941526
218,4,5,0.49043594073852,0.865795526845137,2.38447041558231
218,5,5,0.49043594073852,1.36781795204138,3.44280884506035
218,6,5,0.49043594073852,2.36944881552513,8.16161080730789
219,1,5,-1.98958128344518,-0.534903390163236,1.42588349306103
219,2,5,-1.98958128344518,-0.373290925434039,1.36822515439796
219,3,5,-1.98958128344518,0.158331617880881,-0.926249260297009
219,4,5,-1.98958128344518,-0.607765725191721,-1.20272573134459
219,5,5,-1.98958128344518,0.499900456385467,-0.65847289715537
219,6,5,-1.98958128344518,-0.128902846011836,2.52464534710552
220,1,5,-0.213493340618975,0.185391211106394,1.26700247541726
220,2,5,-0.213493340618975,0.0140852828787207,-1.4427375813286
220,3,5,-0.213493340618975,0.0174615772931458,-0.306210357001648
220,4,5,-0.213493340618975,0.539954347150334,1.81353252436983
220,5,5,-0.213493340618975,0.663050221600149,3.42996813535437
220,6,5,-0.213493340618975,0.611350423560622,4.1990652063131
221,1,5,-0.877521252652733,-0.558494533889764,-1.24506994830942
221,2,5,-0.877521252652733,-0.054670778540151,-1.05245973258249
221,3,5,-0.877521252652733,-0.434196160948057,-0.49282114431209
221,4,5,-0.877521252652733,0.178911659606747,-2.59280555529188
221,5,5,-0.877521252652733,0.68317178405947,1.53212805684875
221,6,5,-0.877521252652733,1.00294622561415,2.4801642646124
222,1,5,1.81905705063474,1.37293696497615,1.80371980454759
222,2,5,1.81905705063474,1.72673008537909,2.32717660429447
222,3,5,1.81905705063474,1.37469608885288,2.83327951835427
222,4,5,1.81905705063474,1.44072915243679,5.45277832067784
222,5,5,1.81905705063474,1.94592738842887,8.26489174542936
222,6,5,1.81905705063474,2.65622088626748,8.25819620853794
223,1,5,0.852925428022894,1.67333324392399,0.922675753730593
223,2,5,0.852925428022894,1.16539499869153,3.04908307330675
223,3,5,0.852925428022894,1.73698490260616,1.69916384611494
223,4,5,0.852925428022894,1.13029237034851,4.50861305072888
223,5,5,0.852925428022894,0.725190204392934,4.0963264949155
223,6,5,0.852925428022894,1.49173024477212,7.68586493395678
224,1,5,-0.517878257327904,-1.35732639663923,-1.23119186049687
224,2,5,-0.517878257327904,1.11491866568095,-0.315709039321787
224,3,5,-0.517878257327904,0.587780945805903,-0.369763432693986
224,4,5,-0.517878257327904,0.927163157395854,-0.506417691026338
224,5,5,-0.517878257327904,0.488711607226898,0.686305714138264
224,6,5,-0.517878257327904,0.385312701261675,3.62404644990348
225,1,5,-1.11257146628431,-0.475426417311899,-1.04280843910047
225,2,5,-1.11257146628431,-1.18634048699766,-2.30358967343468
225,3,5,-1.11257146628431,0.091173974222244,0.945624995795265
225,4,5,-1.11257146628431,0.238514872098877,-1.99598194201174
225,5,5,-1.11257146628431,0.425818445029469,1.50873654886708
225,6,5,-1.11257146628431,1.05295883081395,2.07497420733641
226,1,5,-1.81489141645341,-1.24259664095849,1.51719448330531
226,2,5,-1.81489141645341,-0.554428904590342,1.41446259490764
226,3,5,-1.81489141645341,-0.299740806185905,2.18468422027469
226,4,5,-1.81489141645341,0.542734837538821,0.163871949464976
226,5,5,-1.81489141645341,-0.298329304331962,0.435908366646806
226,6,5,-1.81489141645341,0.414989726238207,1.96641824618135
227,1,5,-0.260227815842348,-1.03005150290773,-0.019407951568893
227,2,5,-0.260227815842348,0.468446628646404,0.0285719838885757
227,3,5,-0.260227815842348,0.470855524402432,-0.174855338773838
227,4,5,-0.260227815842348,1.44176617213929,0.69418426946141
227,5,5,-0.260227815842348,0.226607556826976,4.60969384532652
227,6,5,-0.260227815842348,0.906000249868074,3.70417043721014
228,1,5,-0.248887440272954,-0.418765638490002,-0.0863136410068941
228,2,5,-0.248887440272954,0.314102203471253,2.38681030771552
228,3,5,-0.248887440272954,0.362571171005034,2.76383374351119
228,4,5,-0.248887440272954,0.47788363062241,3.55624065831369
228,5,5,-0.248887440272954,0.520531301129979,3.77951398822541
228,6,5,-0.248887440272954,1.24345219848178,4.81422068100672
229,1,5,-0.300211489798693,-0.603458799036538,0.129483577367022
229,2,5,-0.300211489798693,0.379696846594982,2.39422380550729
229,3,5,-0.300211489798693,0.285898323584938,0.56453671209308
229,4,5,-0.300211489798693,-0.343957165096895,1.81928926476601
229,5,5,-0.300211489798693,1.34665793798712,1.60250849670397
229,6,5,-0.300211489798693,1.38600178614644,4.44490888146164
230,1,5,2.18079606684413,0.0328589209121795,1.38593922837778
230,2,5,2.18079606684413,2.20428194064908,3.38086181845178
230,3,5,2.18079606684413,1.69611948536251,3.41464459135443
230,4,5,2.18079606684413,2.64727843019363,4.4219208488337
230,5,5,2.18079606684413,2.91539831678562,6.44465284207725
230,6,5,2.18079606684413,2.02577390016517,10.3074908553895
231,1,5,0.682258613138577,0.232553052940103,0.575192037116431
231,2,5,0.682258613138577,0.934575833052082,2.93725402467604
231,3,5,0.682258613138577,1.79765272992026,4.02869272214191
231,4,5,0.682258613138577,0.700136142980352,5.18621671240476
231,5,5,0.682258613138577,1.29305205341976,7.67676120198773
231,6,5,0.682258613138577,1.47254977346884,6.40465083371395
232,1,5,0.738564646474746,0.255708737415919,2.17066071793656
232,2,5,0.738564646474746,1.30570948732827,1.61187659853227
232,3,5,0.738564646474746,1.3389155585084,3.07698051626951
232,4,5,0.738564646474746,2.51777450060082,3.29898038024719
232,5,5,0.738564646474746,2.01416388727751,4.04999085321885
232,6,5,0.738564646474746,1.14429575274794,6.22284218610352
233,1,5,1.31891652792444,0.943432331705388,-0.0289136497162035
233,2,5,1.31891652792444,0.978239063144288,2.06170299473121
233,3,5,1.31891652792444,0.310622694521734,3.69752660270523
233,4,5,1.31891652792444,0.68052796604515,1.5204378915292
233,5,5,1.31891652792444,1.70099796725061,5.71280736379098
233,6,5,1.31891652792444,2.00471022400003,5.58278554448763
234,1,5,1.28907990310246,1.65412984713345,-0.602892382604196
234,2,5,1.28907990310246,0.853258601018456,0.907141408866408
234,3,5,1.28907990310246,1.60150771388762,3.24796159869254
234,4,5,1.28907990310246,1.96933258012763,4.19436697567741
234,5,5,1.28907990310246,1.27632561755083,4.99253953190101
234,6,5,1.28907990310246,1.77582680830315,4.8548769273247
235,1,5,0.978070722904636,0.948150182775719,-1.03874117061971
235,2,5,0.978070722904636,0.543444277286829,0.925766870985002
235,3,5,0.978070722904636,1.49477068531528,2.21839953506068
235,4,5,0.978070722904636,1.56819489132473,1.93251425438558
235,5,5,0.978070722904636,1.59527502367316,3.20318666486669
235,6,5,0.978070722904636,1.35543245600248,6.86424987830461
236,1,5,0.00643884641450284,-0.641212010033781,-0.575014663395219
236,2,5,0.00643884641450284,0.937855659547919,2.06384914461294
236,3,5,0.00643884641450284,0.739732482846854,1.41647034926797
236,4,5,0.00643884641450284,1.10190774770209,3.79348717413345
236,5,5,0.00643884641450284,1.02193117870911,3.04259873537341
236,6,5,0.00643884641450284,0.0204587745911464,7.00891684792682
237,1,5,0.0165814801249611,-0.305408606389655,1.76392967553631
237,2,5,0.0165814801249611,0.267051028226902,-1.10004204212255
237,3,5,0.0165814801249611,0.319994248367331,2.40546891854285
237,4,5,0.0165814801249611,1.43776249361238,2.12131653600467
237,5,5,0.0165814801249611,1.14569000055294,2.5595375324857
237,6,5,0.0165814801249611,0.435442855090185,4.89078063646968
238,1,5,1.91587682170855,1.28061275956914,-0.647304703918855
238,2,5,1.91587682170855,0.682339854322889,1.91715709450631
238,3,5,1.91587682170855,0.682233140309582,2.42845110380224
238,4,5,1.91587682170855,1.19451909853685,5.00427468249585
238,5,5,1.91587682170855,1.36885315652453,5.70056465024374
238,6,5,1.91587682170855,1.52792382399838,8.49809489229398
239,1,5,-1.76542576063516,-1.30871766053306,0.221759257176214
239,2,5,-1.76542576063516,-0.706967060937396,-0.283031516205847
239,3,5,-1.76542576063516,-0.0826534122809553,-0.199081921554736
239,4,5,-1.76542576063516,0.553569425457922,0.804541456652704
239,5,5,-1.76542576063516,-0.425046079826805,0.893639807836897
239,6,5,-1.76542576063516,1.118581133231,2.48466150451466
240,1,5,-1.47447432420743,-0.590776716929888,-2.04062301930976
240,2,5,-1.47447432420743,-0.0386169438484504,-1.89717081094193
240,3,5,-1.47447432420743,0.210964261447659,1.17208473689677
240,4,5,-1.47447432420743,-0.640970403235413,-1.29107091503318
240,5,5,-1.47447432420743,0.758534883730153,0.323916789750266
240,6,5,-1.47447432420743,1.2629442004812,1.9383167523482
241,1,5,0.444480192099237,0.618633887994417,-2.68240112037008
241,2,5,0.444480192099237,0.386435895591268,-2.42533638325667
241,3,5,0.444480192099237,0.0306556682985822,-0.208110794073889
241,4,5,0.444480192099237,1.65754806459742,1.05287475605699
241,5,5,0.444480192099237,1.65965765467233,3.85979072939338
241,6,5,0.444480192099237,0.390040101044708,5.13972097810125
242,1,5,-0.109370786918,0.180835200749669,0.469693708300177
242,2,5,-0.109370786918,-0.241649823954673,1.68019556392288
242,3,5,-0.109370786918,1.63054915289421,2.99946048149086
242,4,5,-0.109370786918,1.79876724716694,1.70281395029541
242,5,5,-0.109370786918,1.50933658861389,1.92243530107267
242,6,5,-0.109370786918,1.44996003366407,3.62636572590989
243,1,5,0.336040969026486,0.395984087004319,-0.510470501592253
243,2,5,0.336040969026486,1.49213107911934,0.341057260343169
243,3,5,0.336040969026486,1.0322243877222,1.5963528291938
243,4,5,0.336040969026486,1.13980145115043,3.22875490267963
243,5,5,0.336040969026486,1.02657502168611,2.99297209111054
243,6,5,0.336040969026486,1.51889009798494,5.66833238619657
244,1,5,0.0246226254591995,-0.310292434088861,0.138069972547055
244,2,5,0.0246226254591995,0.141199815446702,1.29756197057001
244,3,5,0.0246226254591995,0.643356826099255,1.84884603919037
244,4,5,0.0246226254591995,1.15478197762161,1.39675030805328
244,5,5,0.0246226254591995,0.339075524589951,4.5868265068948
244,6,5,0.0246226254591995,1.31437861623794,5.24668297480788
245,1,5,0.885781948931482,0.806314046758624,2.2654923874529
245,2,5,0.885781948931482,1.18408803633258,3.43352381181165
245,3,5,0.885781948931482,0.227934592981508,3.16745054969171
245,4,5,0.885781948931482,1.55756174226992,3.35340671191667
245,5,5,0.885781948931482,2.33813525718331,4.78860640648161
245,6,5,0.885781948931482,1.99813377457044,6.51661354997833
246,1,5,-0.722659484881553,-0.384792945271069,-1.98735622308168
246,2,5,-0.722659484881553,0.314472242298869,-0.285445896415748
246,3,5,-0.722659484881553,1.11495488518433,-1.08780307763077
246,4,5,-0.722659484881553,0.467747700320704,0.240682059810906
246,5,5,-0.722659484881553,1.33148113439858,0.926984623451972
246,6,5,-0.722659484881553,1.01374841804555,2.50113616748474
247,1,5,1.59162124543521,0.801382985950288,0.157749357181468
247,2,5,1.59162124543521,1.08447653818498,0.966600766348528
247,3,5,1.59162124543521,1.64504914121795,2.97737955065785
247,4,5,1.59162124543521,1.66859567663211,4.27374442535286
247,5,5,1.59162124543521,1.20129706760012,3.93965864036669
247,6,5,1.59162124543521,1.85582140799441,7.47447291305973
248,1,5,0.00628203166510098,0.967574078834003,-0.277598332529191
248,2,5,0.00628203166510098,0.251219158257299,-1.35116285419275
248,3,5,0.00628203166510098,0.37795289944178,0.394806803517492
248,4,5,0.00628203166510098,1.38110864533361,0.390223429962069
248,5,5,0.00628203166510098,2.14074652648849,3.0551896743306
248,6,5,0.00628203166510098,1.2842173284638,5.41393151214885
249,1,5,-0.157830993412902,0.225604784343245,-0.63926524186835
249,2,5,-0.157830993412902,0.815653032758968,1.08592736946653
249,3,5,-0.157830993412902,-0.926936488629974,0.70719821540352
249,4,5,-0.157830993412902,0.99159892459773,3.42146939341312
249,5,5,-0.157830993412902,1.55574470790068,5.93041240162439
249,6,5,-0.157830993412902,1.14913138457702,3.7143475809707
250,1,5,-0.486593733281175,0.496828444822754,0.484715409441276
250,2,5,-0.486593733281175,0.050098683873394,3.15320629989067
250,3,5,-0.486593733281175,0.250532784667647,1.5334139004638
250,4,5,-0.486593733281175,-1.07335766406325,-0.164378577396767
250,5,5,-0.486593733281175,0.0773300025131354,3.30694573947018
250,6,5,-0.486593733281175,1.12906863829978,4.46490543466803
